seller_state,customer_state,n,avg_promise,avg_actual,avg_gap,ontime_rate
BA,BA,66,19.23,10.52,8.71,0.9091
BA,CE,14,25.32,15.36,9.96,0.8571
BA,DF,16,23.48,11.36,12.12,1.0
BA,ES,11,26.86,13.79,13.07,1.0
BA,MA,16,27.43,25.45,1.99,0.9375
BA,MG,51,25.9,10.56,15.34,1.0
BA,PB,10,30.26,18.76,11.5,0.9
BA,PE,32,26.7,16.89,9.81,0.9375
BA,PR,10,31.62,16.42,15.21,0.9
BA,RJ,83,26.36,13.39,12.97,0.9398
BA,RS,22,29.33,18.3,11.03,0.9545
BA,SC,13,27.55,16.6,10.95,0.9231
BA,SP,137,23.67,11.42,12.24,0.9489
CE,RJ,10,34.9,17.39,17.51,0.9
CE,SP,23,29.41,14.91,14.5,0.9565
DF,BA,35,28.9,18.21,10.69,0.9429
DF,CE,13,26.82,24.27,2.56,0.6923
DF,DF,49,12.73,5.12,7.6,0.9388
DF,ES,19,25.63,18.56,7.07,0.7368
DF,GO,30,19.83,9.19,10.64,0.9667
DF,MG,102,26.85,9.36,17.49,0.9902
DF,MT,10,26.57,14.88,11.69,1.0
DF,PA,11,35.99,20.13,15.86,1.0
DF,PE,10,31.61,14.43,17.18,1.0
DF,PR,27,24.59,12.42,12.17,1.0
DF,RJ,96,28.94,13.98,14.96,0.9271
DF,RS,22,33.07,17.74,15.33,0.8636
DF,SC,21,28.04,17.96,10.07,0.8095
DF,SP,308,23.37,10.83,12.54,0.9708
ES,BA,23,27.66,13.09,14.57,0.9565
ES,MG,43,24.24,10.72,13.52,1.0
ES,PR,15,27.93,11.47,16.46,1.0
ES,RJ,59,23.49,12.69,10.79,0.9153
ES,RS,18,29.22,17.87,11.35,0.8889
ES,SC,12,29.44,18.14,11.3,0.9167
ES,SP,100,23.61,12.1,11.51,0.9
GO,CE,12,29.21,18.51,10.69,1.0
GO,DF,28,22.48,9.35,13.13,0.9286
GO,GO,31,13.97,5.17,8.8,0.9677
GO,MG,83,25.82,10.44,15.38,0.988
GO,PA,10,36.67,21.56,15.11,1.0
GO,PE,10,29.28,20.39,8.89,0.8
GO,RJ,56,29.58,14.67,14.91,0.9464
GO,RS,11,32.0,17.78,14.21,0.9091
GO,SC,10,24.8,18.28,6.52,0.9
GO,SP,126,24.2,10.84,13.36,0.9603
MA,BA,10,24.26,21.87,2.39,0.6
MA,DF,27,27.27,16.2,11.07,0.8148
MA,ES,13,30.21,28.53,1.67,0.4615
MA,GO,16,28.85,21.51,7.35,0.625
MA,MA,14,15.83,9.82,6.0,0.5714
MA,MG,31,30.08,17.49,12.59,0.8387
MA,PE,21,26.73,15.7,11.03,0.8571
MA,RJ,41,35.23,16.7,18.53,0.9512
MA,RS,17,35.36,19.01,16.35,0.8824
MA,SC,19,29.46,16.93,12.53,0.7895
MA,SP,123,25.3,16.21,9.09,0.748
MG,AC,10,42.44,22.45,19.99,1.0
MG,AL,35,33.02,22.0,11.02,0.8286
MG,AM,13,48.03,27.04,20.99,0.9231
MG,BA,366,28.41,18.44,9.97,0.8934
MG,CE,73,32.26,20.76,11.49,0.8767
MG,DF,186,23.82,11.91,11.91,0.9677
MG,ES,171,27.98,16.33,11.65,0.9532
MG,GO,150,26.71,14.19,12.52,0.9733
MG,MA,61,30.46,20.18,10.28,0.8361
MG,MG,1525,20.49,8.7,11.79,0.9685
MG,MS,62,26.8,16.22,10.59,0.9355
MG,MT,50,33.69,21.44,12.25,0.92
MG,PA,83,37.72,27.35,10.38,0.8675
MG,PB,48,33.82,19.51,14.31,0.875
MG,PE,110,31.05,16.61,14.45,0.9182
MG,PI,32,29.79,16.0,13.79,0.9688
MG,PR,363,28.04,12.77,15.26,0.9807
MG,RJ,1134,26.81,14.2,12.61,0.9065
MG,RN,29,34.12,16.0,18.13,1.0
MG,RO,14,37.54,17.51,20.03,1.0
MG,RS,278,33.22,17.22,16.0,0.9496
MG,SC,251,29.75,17.21,12.54,0.9124
MG,SE,36,33.78,25.34,8.44,0.8889
MG,SP,2546,23.78,10.9,12.88,0.9568
MG,TO,16,30.69,16.36,14.33,0.875
MS,SP,18,31.14,9.56,21.58,0.9444
MT,GO,10,27.97,12.08,15.89,1.0
MT,MG,20,29.25,13.21,16.04,1.0
MT,RJ,13,29.62,14.0,15.63,0.9231
MT,SP,30,28.44,12.86,15.58,0.9667
PE,BA,26,30.03,11.74,18.29,1.0
PE,CE,17,27.28,10.91,16.37,0.9412
PE,DF,15,24.56,11.59,12.97,0.9333
PE,ES,17,31.24,13.55,17.69,1.0
PE,GO,12,28.23,14.0,14.24,1.0
PE,MG,62,29.75,11.72,18.03,1.0
PE,PE,23,17.0,6.79,10.21,0.9565
PE,RJ,42,33.88,14.22,19.66,0.9286
PE,RS,13,32.26,19.62,12.64,0.8462
PE,SP,104,24.27,11.89,12.38,0.9712
PR,AL,36,34.73,29.25,5.48,0.6111
PR,AM,11,45.94,24.76,21.18,1.0
PR,BA,143,31.46,21.89,9.56,0.8322
PR,CE,64,34.04,25.1,8.94,0.8594
PR,DF,150,27.41,13.42,13.98,0.96
PR,ES,110,29.95,17.67,12.28,0.9091
PR,GO,87,30.05,15.94,14.11,0.954
PR,MA,42,31.53,22.22,9.31,0.8095
PR,MG,817,28.66,13.9,14.76,0.9474
PR,MS,55,27.03,13.07,13.96,0.9636
PR,MT,60,32.19,18.01,14.18,0.95
PR,PA,54,39.7,25.38,14.32,0.8704
PR,PB,40,35.43,22.27,13.16,0.85
PR,PE,86,31.09,19.41,11.67,0.8721
PR,PI,25,31.33,17.8,13.53,0.92
PR,PR,714,20.0,8.23,11.77,0.9566
PR,RJ,963,29.75,17.31,12.44,0.8598
PR,RN,20,35.08,24.74,10.33,0.85
PR,RO,18,38.4,17.71,20.7,1.0
PR,RS,576,26.16,13.37,12.79,0.9479
PR,SC,390,25.08,13.38,11.7,0.9333
PR,SE,21,34.27,23.18,11.09,0.8095
PR,SP,2924,25.58,11.17,14.42,0.9644
PR,TO,15,34.13,22.81,11.32,0.8
RJ,AL,13,32.91,24.07,8.84,0.8462
RJ,BA,135,27.05,16.94,10.11,0.8889
RJ,CE,54,30.66,24.92,5.74,0.7778
RJ,DF,96,25.34,14.44,10.91,0.9167
RJ,ES,99,25.81,12.62,13.2,0.9798
RJ,GO,109,29.07,15.08,13.99,0.9266
RJ,MA,28,30.14,20.46,9.69,0.8929
RJ,MG,551,24.62,12.2,12.43,0.9274
RJ,MS,32,25.71,16.8,8.91,0.875
RJ,MT,29,34.09,21.57,12.52,0.8966
RJ,PA,37,36.3,21.61,14.69,0.9459
RJ,PB,24,30.14,14.78,15.37,1.0
RJ,PE,91,27.23,17.0,10.23,0.8681
RJ,PI,22,29.06,17.25,11.81,0.8636
RJ,PR,202,25.95,12.93,13.02,0.9109
RJ,RJ,956,19.0,6.61,12.39,0.9351
RJ,RN,22,30.2,17.95,12.24,0.8636
RJ,RO,13,37.49,27.78,9.71,0.8462
RJ,RS,198,26.48,15.79,10.69,0.904
RJ,SC,113,26.9,15.05,11.85,0.8938
RJ,SE,18,28.52,18.05,10.47,0.8333
RJ,SP,1320,22.83,11.83,11.0,0.9091
RJ,TO,13,28.8,15.51,13.29,0.9231
RN,RN,21,19.52,4.78,14.74,1.0
RS,AL,10,34.83,19.95,14.88,1.0
RS,BA,42,29.86,20.97,8.9,0.8333
RS,CE,12,34.01,17.06,16.95,0.8333
RS,DF,47,29.12,13.54,15.58,0.9787
RS,ES,24,28.72,12.49,16.23,0.9583
RS,GO,23,35.34,16.26,19.07,1.0
RS,MA,14,35.84,24.61,11.24,0.7143
RS,MG,187,30.3,11.79,18.51,0.9733
RS,MS,16,27.86,14.02,13.84,1.0
RS,MT,22,32.39,16.13,16.26,0.9545
RS,PA,21,41.09,24.58,16.51,0.9524
RS,PE,17,33.75,22.28,11.47,0.8235
RS,PI,11,36.55,15.78,20.78,1.0
RS,PR,138,23.15,10.39,12.75,0.9493
RS,RJ,246,28.55,14.1,14.45,0.9146
RS,RO,10,37.94,15.56,22.39,1.0
RS,RS,288,18.19,7.41,10.78,0.9479
RS,SC,116,23.87,9.37,14.5,1.0
RS,SP,667,28.11,10.14,17.97,0.9775
SC,AL,11,36.71,22.61,14.1,1.0
SC,BA,77,31.03,20.7,10.34,0.8701
SC,CE,22,35.13,27.84,7.28,0.7273
SC,DF,69,26.94,13.26,13.68,0.9855
SC,ES,50,29.75,14.85,14.9,0.96
SC,GO,55,31.89,17.84,14.05,0.9091
SC,MA,19,34.34,24.28,10.06,0.7895
SC,MG,428,29.83,14.71,15.13,0.9486
SC,MS,31,29.04,14.97,14.07,0.9677
SC,MT,26,33.07,21.07,12.0,0.8846
SC,PA,19,42.07,25.29,16.79,0.8947
SC,PB,18,35.24,26.84,8.41,0.8333
SC,PE,38,31.85,19.66,12.19,0.9474
SC,PI,19,32.3,22.08,10.22,0.8421
SC,PR,285,24.78,11.09,13.69,0.9684
SC,RJ,470,29.1,16.38,12.72,0.8979
SC,RN,14,36.75,19.34,17.41,0.9286
SC,RS,293,24.76,12.89,11.87,0.9386
SC,SC,255,19.06,8.59,10.47,0.9373
SC,SE,15,32.74,22.59,10.15,0.9333
SC,SP,1305,26.04,12.08,13.96,0.9563
SC,TO,11,33.12,19.08,14.04,0.9091
SP,AC,57,40.68,20.77,19.91,0.9649
SP,AL,255,32.26,25.05,7.21,0.7373
SP,AM,99,44.49,25.85,18.64,0.9596
SP,AP,49,45.88,28.1,17.79,0.9388
SP,BA,2307,29.87,19.81,10.05,0.8505
SP,CE,969,31.44,21.26,10.18,0.8473
SP,DF,1383,24.04,13.26,10.78,0.9176
SP,ES,1461,24.63,15.79,8.83,0.8583
SP,GO,1420,26.83,16.02,10.81,0.9077
SP,MA,491,30.67,22.07,8.61,0.7882
SP,MG,7440,24.33,12.36,11.97,0.9366
SP,MS,477,25.43,15.95,9.48,0.8532
SP,MT,653,31.62,17.73,13.89,0.9326
SP,PA,681,36.65,23.28,13.37,0.8678
SP,PB,336,32.98,20.68,12.3,0.8899
SP,PE,1133,31.83,18.92,12.91,0.8923
SP,PI,329,30.21,20.34,9.87,0.8176
SP,PR,3119,25.12,12.78,12.35,0.9465
SP,RJ,8158,26.4,16.28,10.12,0.8451
SP,RN,332,32.72,20.46,12.26,0.8795
SP,RO,169,38.7,19.38,19.32,0.9704
SP,RR,33,45.44,31.62,13.82,0.8485
SP,RS,3596,29.66,16.17,13.49,0.9241
SP,SC,2327,26.1,15.83,10.27,0.89
SP,SE,208,30.04,21.32,8.72,0.8365
SP,SP,30735,17.32,7.95,9.38,0.9378
SP,TO,198,28.56,17.75,10.81,0.8737
