seller_state,customer_state,n,mean_days,median_days,p90_days,pct_in_10d
AM,AL,1,90.96,90.96,90.96,0.0
AM,MA,1,29.52,29.52,29.52,0.0
AM,MG,1,23.04,23.04,23.04,0.0
BA,AC,1,66.95,66.95,66.95,0.0
BA,AL,9,16.25,15.52,22.66,0.0
BA,AM,1,33.02,33.02,33.02,0.0
BA,AP,2,20.99,20.99,25.13,0.0
BA,BA,66,10.52,9.28,17.98,57.58
BA,CE,14,15.36,11.21,25.77,21.43
BA,DF,16,11.36,11.03,16.51,43.75
BA,ES,11,13.79,11.49,22.04,27.27
BA,GO,8,16.91,15.37,22.52,0.0
BA,MA,16,25.45,15.02,24.19,12.5
BA,MG,51,10.56,10.16,15.34,49.02
BA,MS,2,18.36,18.36,18.49,0.0
BA,MT,5,18.24,17.07,22.43,0.0
BA,PA,8,23.15,21.1,31.03,0.0
BA,PB,10,18.76,15.25,33.97,0.0
BA,PE,32,16.89,16.32,22.98,15.62
BA,PI,9,10.69,9.22,14.74,66.67
BA,PR,10,16.42,14.6,22.59,10.0
BA,RJ,83,13.39,11.13,19.95,37.35
BA,RN,9,18.51,12.94,34.27,11.11
BA,RO,2,28.25,28.25,29.16,0.0
BA,RR,1,10.93,10.93,10.93,0.0
BA,RS,22,18.3,14.42,27.05,4.55
BA,SC,13,16.6,16.0,23.62,0.0
BA,SE,9,17.17,16.99,20.7,0.0
BA,SP,137,11.42,9.89,17.76,51.09
BA,TO,2,15.7,15.7,17.59,0.0
CE,AL,2,19.44,19.44,24.0,0.0
CE,AM,1,138.88,138.88,138.88,0.0
CE,BA,3,19.6,19.64,25.58,0.0
CE,CE,9,6.32,6.38,8.7,88.89
CE,DF,1,9.96,9.96,9.96,100.0
CE,ES,3,18.77,21.92,22.93,0.0
CE,GO,1,13.51,13.51,13.51,0.0
CE,MA,2,21.27,21.27,22.22,0.0
CE,MG,3,15.12,13.16,25.88,33.33
CE,MS,1,12.95,12.95,12.95,0.0
CE,MT,2,23.3,23.3,28.54,0.0
CE,PA,3,29.97,19.96,46.67,0.0
CE,PE,7,16.72,13.16,28.17,14.29
CE,PI,3,27.79,22.09,37.25,0.0
CE,PR,4,15.67,16.25,20.76,25.0
CE,RJ,10,17.39,13.67,23.81,40.0
CE,RN,1,13.26,13.26,13.26,0.0
CE,RO,1,25.75,25.75,25.75,0.0
CE,SC,2,20.99,20.99,28.54,0.0
CE,SE,3,14.34,14.66,14.81,0.0
CE,SP,23,14.91,14.3,23.39,21.74
DF,AC,1,11.42,11.42,11.42,0.0
DF,AL,4,13.73,11.86,18.06,0.0
DF,BA,35,18.21,16.41,23.23,14.29
DF,CE,13,24.27,17.23,40.19,7.69
DF,DF,49,5.12,3.97,7.89,89.8
DF,ES,19,18.56,18.3,27.37,0.0
DF,GO,30,9.19,8.61,15.06,60.0
DF,MA,8,16.76,16.66,22.03,0.0
DF,MG,102,9.36,8.25,13.34,63.73
DF,MS,7,14.12,13.84,17.1,0.0
DF,MT,10,14.88,15.19,19.95,30.0
DF,PA,11,20.13,17.63,33.09,0.0
DF,PB,8,20.62,15.88,33.23,12.5
DF,PE,10,14.43,14.54,17.86,20.0
DF,PI,8,20.12,19.11,26.19,0.0
DF,PR,27,12.42,12.02,20.18,37.04
DF,RJ,96,13.98,11.11,20.78,39.58
DF,RN,6,25.51,16.26,47.68,0.0
DF,RS,22,17.74,13.15,35.17,18.18
DF,SC,21,17.96,18.72,25.04,9.52
DF,SE,3,25.75,20.56,37.1,0.0
DF,SP,308,10.83,9.33,17.28,54.55
DF,TO,5,12.65,13.79,14.42,0.0
ES,BA,23,13.09,12.9,15.68,26.09
ES,CE,3,13.24,14.55,15.92,33.33
ES,DF,1,18.29,18.29,18.29,0.0
ES,ES,7,8.48,6.63,15.12,71.43
ES,GO,3,12.95,14.37,15.19,33.33
ES,MA,2,16.13,16.13,18.06,0.0
ES,MG,43,10.72,10.03,14.77,44.19
ES,MT,6,16.06,13.94,22.78,0.0
ES,PA,3,36.64,26.17,54.97,0.0
ES,PE,6,15.96,15.05,20.44,0.0
ES,PI,2,17.96,17.96,21.22,0.0
ES,PR,15,11.47,10.28,16.65,46.67
ES,RJ,59,12.69,10.49,21.25,40.68
ES,RN,2,19.13,19.13,24.04,0.0
ES,RO,1,8.98,8.98,8.98,100.0
ES,RS,18,17.87,17.03,27.01,11.11
ES,SC,12,18.14,14.93,27.76,8.33
ES,SP,100,12.1,10.05,20.43,48.0
ES,TO,2,17.48,17.48,22.04,0.0
GO,AC,1,18.21,18.21,18.21,0.0
GO,AL,6,21.04,21.06,29.67,0.0
GO,AM,2,32.17,32.17,33.85,0.0
GO,AP,1,24.35,24.35,24.35,0.0
GO,BA,8,14.32,13.28,18.95,12.5
GO,CE,12,18.51,15.4,30.64,0.0
GO,DF,28,9.35,8.59,12.35,67.86
GO,ES,5,15.02,13.28,20.56,0.0
GO,GO,31,5.17,4.29,8.71,96.77
GO,MA,9,19.0,17.35,27.38,11.11
GO,MG,83,10.44,9.1,17.66,60.24
GO,MS,8,13.39,14.87,16.95,25.0
GO,MT,9,14.58,15.03,18.45,22.22
GO,PA,10,21.56,18.23,29.29,0.0
GO,PB,7,24.82,25.53,33.91,0.0
GO,PE,10,20.39,18.35,36.26,20.0
GO,PI,2,21.33,21.33,28.86,0.0
GO,PR,9,18.42,15.05,32.5,0.0
GO,RJ,56,14.67,11.4,24.37,41.07
GO,RN,1,12.36,12.36,12.36,0.0
GO,RO,1,18.77,18.77,18.77,0.0
GO,RS,11,17.78,15.09,27.5,9.09
GO,SC,10,18.28,19.62,25.14,20.0
GO,SP,126,10.84,10.06,16.85,49.21
GO,TO,5,11.69,12.4,14.54,20.0
MA,AC,1,15.13,15.13,15.13,0.0
MA,AL,4,30.18,30.82,36.34,0.0
MA,AM,1,15.93,15.93,15.93,0.0
MA,AP,1,28.29,28.29,28.29,0.0
MA,BA,10,21.87,22.54,32.41,0.0
MA,CE,9,13.19,9.77,21.91,55.56
MA,DF,27,16.2,13.98,27.57,7.41
MA,ES,13,28.53,26.88,45.03,0.0
MA,GO,16,21.51,21.04,34.62,6.25
MA,MA,14,9.82,7.18,18.68,64.29
MA,MG,31,17.49,15.44,29.13,9.68
MA,MS,3,13.7,12.27,17.23,0.0
MA,MT,4,23.16,23.79,29.2,0.0
MA,PA,5,27.85,26.37,40.81,0.0
MA,PB,4,28.72,21.21,44.5,0.0
MA,PE,21,15.7,12.96,26.79,23.81
MA,PI,5,14.34,14.48,22.44,40.0
MA,PR,9,19.19,17.16,29.42,11.11
MA,RJ,41,16.7,16.11,29.36,29.27
MA,RN,3,21.92,22.78,23.75,0.0
MA,RS,17,19.01,16.09,32.02,0.0
MA,SC,19,16.93,16.51,25.02,10.53
MA,SE,5,29.35,32.08,37.61,0.0
MA,SP,123,16.21,13.47,26.58,22.76
MA,TO,2,23.57,23.57,24.91,0.0
MG,AC,10,22.45,21.04,28.78,0.0
MG,AL,35,22.0,19.91,34.77,5.71
MG,AM,13,27.04,28.83,40.35,15.38
MG,AP,3,25.43,26.86,29.91,0.0
MG,BA,366,18.44,14.99,28.18,17.21
MG,CE,73,20.76,18.0,39.85,6.85
MG,DF,186,11.91,10.83,19.0,41.4
MG,ES,171,16.33,13.25,25.12,29.82
MG,GO,150,14.19,12.57,21.68,26.0
MG,MA,61,20.18,18.56,30.14,6.56
MG,MG,1525,8.7,7.3,15.01,71.87
MG,MS,62,16.22,15.68,22.31,14.52
MG,MT,50,21.44,19.81,31.37,4.0
MG,PA,83,27.35,23.63,37.55,6.02
MG,PB,48,19.51,17.08,34.37,16.67
MG,PE,110,16.61,14.29,25.26,18.18
MG,PI,32,16.0,13.55,22.21,15.62
MG,PR,363,12.77,11.8,19.26,36.36
MG,RJ,1134,14.2,11.41,24.72,39.86
MG,RN,29,16.0,14.04,23.0,17.24
MG,RO,14,17.51,16.92,26.22,14.29
MG,RR,2,16.53,16.53,20.27,0.0
MG,RS,278,17.22,15.74,27.81,17.99
MG,SC,251,17.21,15.21,27.35,19.52
MG,SE,36,25.34,18.44,34.91,2.78
MG,SP,2546,10.9,9.22,18.33,54.63
MG,TO,16,16.36,14.5,22.25,18.75
MS,AC,1,19.96,19.96,19.96,0.0
MS,BA,3,31.02,34.72,43.12,0.0
MS,DF,4,10.24,10.12,13.06,50.0
MS,GO,1,11.13,11.13,11.13,0.0
MS,MG,4,15.73,15.89,22.64,25.0
MS,MT,2,12.26,12.26,12.27,0.0
MS,PR,3,10.1,8.72,12.03,66.67
MS,RJ,9,11.45,9.54,18.97,55.56
MS,RS,1,9.11,9.11,9.11,100.0
MS,SC,1,13.56,13.56,13.56,0.0
MS,SP,18,9.56,8.55,14.53,61.11
MT,BA,4,14.05,11.96,18.74,0.0
MT,CE,2,24.22,24.22,28.29,0.0
MT,DF,6,11.22,8.91,16.79,66.67
MT,ES,2,22.05,22.05,25.33,0.0
MT,GO,10,12.08,12.08,15.47,20.0
MT,MA,3,19.88,17.98,23.8,0.0
MT,MG,20,13.21,12.25,17.87,15.0
MT,MS,5,13.28,14.43,16.81,20.0
MT,MT,6,11.48,11.02,15.82,33.33
MT,PA,3,25.2,20.6,32.8,0.0
MT,PB,2,27.6,27.6,32.18,0.0
MT,PE,6,26.09,26.35,39.89,16.67
MT,PR,8,13.72,15.07,15.57,12.5
MT,RJ,13,14.0,11.83,21.76,23.08
MT,RN,1,15.16,15.16,15.16,0.0
MT,RO,2,13.98,13.98,16.7,0.0
MT,RS,6,14.88,11.98,21.17,0.0
MT,SC,5,17.29,17.06,19.17,0.0
MT,SP,30,12.86,12.14,17.59,23.33
PA,MG,1,14.02,14.02,14.02,0.0
PA,PR,1,3.46,3.46,3.46,100.0
PA,SP,6,14.99,13.02,23.26,16.67
PB,AL,1,31.1,31.1,31.1,0.0
PB,BA,2,14.25,14.25,19.04,50.0
PB,CE,2,7.4,7.4,7.67,100.0
PB,DF,1,16.8,16.8,16.8,0.0
PB,ES,1,23.18,23.18,23.18,0.0
PB,MA,1,7.18,7.18,7.18,100.0
PB,MG,2,9.57,9.57,10.12,50.0
PB,MT,1,16.96,16.96,16.96,0.0
PB,PA,1,19.33,19.33,19.33,0.0
PB,PB,1,8.12,8.12,8.12,100.0
PB,PE,2,6.72,6.72,8.66,100.0
PB,RJ,9,14.46,12.78,20.77,33.33
PB,RN,1,11.08,11.08,11.08,0.0
PB,SE,1,11.08,11.08,11.08,0.0
PB,SP,7,11.23,10.33,15.53,42.86
PE,AL,9,16.96,17.46,22.45,22.22
PE,AP,1,30.03,30.03,30.03,0.0
PE,BA,26,11.74,11.94,16.46,34.62
PE,CE,17,10.91,9.16,13.15,58.82
PE,DF,15,11.59,9.33,17.56,53.33
PE,ES,17,13.55,13.27,18.91,17.65
PE,GO,12,14.0,14.49,20.19,25.0
PE,MA,5,12.74,11.02,17.66,40.0
PE,MG,62,11.72,10.82,17.72,45.16
PE,MS,2,14.26,14.26,17.13,0.0
PE,MT,1,20.98,20.98,20.98,0.0
PE,PA,5,20.36,17.92,28.93,0.0
PE,PB,8,11.11,7.67,18.08,75.0
PE,PE,23,6.79,5.37,12.8,78.26
PE,PI,8,18.44,16.95,26.57,12.5
PE,PR,9,14.9,12.14,21.88,22.22
PE,RJ,42,14.22,11.58,21.85,28.57
PE,RN,4,8.52,7.2,12.86,75.0
PE,RO,3,20.43,19.16,23.81,0.0
PE,RS,13,19.62,14.28,30.93,15.38
PE,SC,9,18.87,16.14,28.42,0.0
PE,SE,7,11.37,10.34,14.27,14.29
PE,SP,104,11.89,10.17,18.56,44.23
PE,TO,1,15.29,15.29,15.29,0.0
PI,CE,1,13.01,13.01,13.01,0.0
PI,MA,1,5.84,5.84,5.84,100.0
PI,MG,2,14.92,14.92,15.77,0.0
PI,PB,1,12.49,12.49,12.49,0.0
PI,PE,1,23.61,23.61,23.61,0.0
PI,PI,1,2.03,2.03,2.03,100.0
PI,PR,1,12.5,12.5,12.5,0.0
PI,SC,1,25.59,25.59,25.59,0.0
PI,SP,2,13.38,13.38,17.22,50.0
PR,AC,1,23.87,23.87,23.87,0.0
PR,AL,36,29.25,26.46,48.28,0.0
PR,AM,11,24.76,26.0,30.83,0.0
PR,AP,2,21.41,21.41,23.56,0.0
PR,BA,143,21.89,18.25,34.69,2.8
PR,CE,64,25.1,18.96,41.67,6.25
PR,DF,150,13.42,11.94,21.37,34.67
PR,ES,110,17.67,15.6,27.96,20.91
PR,GO,87,15.94,14.45,23.59,20.69
PR,MA,42,22.22,21.02,32.17,2.38
PR,MG,817,13.9,12.18,22.15,34.15
PR,MS,55,13.07,12.35,18.94,27.27
PR,MT,60,18.01,15.5,27.3,15.0
PR,PA,54,25.38,22.61,43.65,5.56
PR,PB,40,22.27,19.61,40.17,5.0
PR,PE,86,19.41,16.59,33.52,12.79
PR,PI,25,17.8,15.52,25.28,4.0
PR,PR,714,8.23,7.25,14.26,70.17
PR,RJ,963,17.31,14.1,33.17,27.0
PR,RN,20,24.74,21.0,41.41,0.0
PR,RO,18,17.71,17.21,21.43,0.0
PR,RR,5,23.49,25.01,31.72,0.0
PR,RS,576,13.37,12.1,21.25,35.76
PR,SC,390,13.38,11.53,22.41,39.49
PR,SE,21,23.18,21.13,35.84,4.76
PR,SP,2924,11.17,9.5,18.37,53.11
PR,TO,15,22.81,20.45,37.01,6.67
RJ,AC,1,20.05,20.05,20.05,0.0
RJ,AL,13,24.07,23.17,33.71,0.0
RJ,AM,8,22.26,21.49,35.09,12.5
RJ,AP,1,30.09,30.09,30.09,0.0
RJ,BA,135,16.94,14.23,24.12,16.3
RJ,CE,54,24.92,20.33,37.26,1.85
RJ,DF,96,14.44,11.69,24.34,37.5
RJ,ES,99,12.62,11.12,20.43,37.37
RJ,GO,109,15.08,13.46,22.65,21.1
RJ,MA,28,20.46,18.81,30.12,3.57
RJ,MG,551,12.2,10.15,20.97,48.28
RJ,MS,32,16.8,15.65,23.3,21.88
RJ,MT,29,21.57,20.13,31.53,0.0
RJ,PA,37,21.61,19.27,34.01,8.11
RJ,PB,24,14.78,13.4,20.29,8.33
RJ,PE,91,17.0,13.92,28.98,29.67
RJ,PI,22,17.25,14.88,24.99,9.09
RJ,PR,202,12.93,10.98,22.45,42.57
RJ,RJ,956,6.61,5.16,11.19,86.3
RJ,RN,22,17.95,13.73,30.58,9.09
RJ,RO,13,27.78,26.33,43.94,0.0
RJ,RS,198,15.79,13.83,25.08,18.69
RJ,SC,113,15.05,12.07,23.95,23.01
RJ,SE,18,18.05,18.06,25.71,11.11
RJ,SP,1320,11.83,9.46,21.05,53.11
RJ,TO,13,15.51,16.49,20.37,15.38
RN,AL,1,9.63,9.63,9.63,100.0
RN,BA,5,16.38,13.5,27.29,20.0
RN,CE,3,28.75,18.42,43.69,0.0
RN,DF,1,12.18,12.18,12.18,0.0
RN,MG,1,3.56,3.56,3.56,100.0
RN,PA,1,26.41,26.41,26.41,0.0
RN,PB,2,11.73,11.73,14.35,50.0
RN,PR,4,21.77,19.0,36.62,25.0
RN,RJ,2,27.81,27.81,31.16,0.0
RN,RN,21,4.78,5.01,6.79,100.0
RN,RS,4,21.87,20.71,34.39,25.0
RN,SC,1,21.91,21.91,21.91,0.0
RN,SP,5,14.62,15.09,20.87,40.0
RO,BA,1,15.59,15.59,15.59,0.0
RO,ES,1,19.48,19.48,19.48,0.0
RO,PR,1,7.96,7.96,7.96,100.0
RO,RJ,2,19.18,19.18,22.28,0.0
RO,RS,1,21.79,21.79,21.79,0.0
RO,SE,1,36.12,36.12,36.12,0.0
RO,SP,6,16.67,13.84,27.25,50.0
RS,AC,2,17.55,17.55,19.56,0.0
RS,AL,10,19.95,21.12,27.6,10.0
RS,AM,5,21.67,22.63,31.23,0.0
RS,AP,3,16.47,16.83,22.61,33.33
RS,BA,42,20.97,19.74,32.63,4.76
RS,CE,12,17.06,13.08,29.13,16.67
RS,DF,47,13.54,10.76,24.26,44.68
RS,ES,24,12.49,11.51,16.97,25.0
RS,GO,23,16.26,14.07,23.61,4.35
RS,MA,14,24.61,17.88,46.99,14.29
RS,MG,187,11.79,11.05,18.89,42.25
RS,MS,16,14.02,13.08,23.85,31.25
RS,MT,22,16.13,14.52,21.67,4.55
RS,PA,21,24.58,21.97,37.09,4.76
RS,PB,8,14.87,12.7,22.14,12.5
RS,PE,17,22.28,21.57,35.45,5.88
RS,PI,11,15.78,14.77,25.03,18.18
RS,PR,138,10.39,8.34,17.15,60.14
RS,RJ,246,14.1,11.06,26.03,39.84
RS,RN,8,13.71,13.22,18.29,12.5
RS,RO,10,15.56,13.01,20.06,0.0
RS,RS,288,7.41,5.94,13.47,78.12
RS,SC,116,9.37,7.92,15.02,62.07
RS,SE,8,20.42,16.8,35.39,12.5
RS,SP,667,10.14,8.46,15.37,62.07
RS,TO,4,14.48,14.1,16.66,0.0
SC,AC,4,15.97,15.62,18.58,0.0
SC,AL,11,22.61,22.07,28.35,0.0
SC,AM,4,27.61,27.7,31.5,0.0
SC,AP,4,30.36,30.1,38.9,0.0
SC,BA,77,20.7,17.06,30.7,11.69
SC,CE,22,27.84,20.51,55.49,0.0
SC,DF,69,13.26,12.58,20.22,21.74
SC,ES,50,14.85,13.64,19.35,20.0
SC,GO,55,17.84,15.16,24.92,12.73
SC,MA,19,24.28,22.28,37.21,5.26
SC,MG,428,14.71,13.05,22.31,27.34
SC,MS,31,14.97,12.55,22.6,22.58
SC,MT,26,21.07,19.04,35.07,3.85
SC,PA,19,25.29,24.81,36.17,5.26
SC,PB,18,26.84,25.25,39.65,0.0
SC,PE,38,19.66,18.99,30.93,10.53
SC,PI,19,22.08,21.54,31.86,0.0
SC,PR,285,11.09,9.72,17.52,52.28
SC,RJ,470,16.38,13.04,28.0,28.3
SC,RN,14,19.34,14.65,33.97,7.14
SC,RO,9,16.89,16.89,21.38,0.0
SC,RS,293,12.89,11.22,20.83,39.25
SC,SC,255,8.59,6.85,15.25,70.2
SC,SE,15,22.59,22.34,31.99,0.0
SC,SP,1305,12.08,10.3,19.35,46.51
SC,TO,11,19.08,19.01,27.29,0.0
SE,ES,1,15.14,15.14,15.14,0.0
SE,GO,1,15.33,15.33,15.33,0.0
SE,PA,1,15.6,15.6,15.6,0.0
SE,PR,1,13.8,13.8,13.8,0.0
SE,RJ,1,8.11,8.11,8.11,100.0
SE,SP,2,11.09,11.09,12.07,50.0
SP,AC,57,20.77,17.65,31.42,3.51
SP,AL,255,25.05,22.97,41.04,3.92
SP,AM,99,25.85,25.88,39.22,9.09
SP,AP,49,28.1,23.68,35.28,2.04
SP,BA,2307,19.81,17.69,32.13,11.36
SP,CE,969,21.26,18.36,33.89,7.95
SP,DF,1383,13.26,11.75,22.17,38.47
SP,ES,1461,15.79,13.59,25.84,24.98
SP,GO,1420,16.02,14.06,25.36,21.34
SP,MA,491,22.07,19.57,35.02,5.5
SP,MG,7440,12.36,10.8,20.77,44.01
SP,MS,477,15.95,14.03,26.17,22.64
SP,MT,653,17.73,15.63,27.17,11.49
SP,PA,681,23.28,20.89,40.27,6.75
SP,PB,336,20.68,18.78,34.92,8.93
SP,PE,1133,18.92,15.95,31.54,15.53
SP,PI,329,20.34,16.77,32.21,9.12
SP,PR,3119,12.78,11.1,21.2,41.23
SP,RJ,8158,16.28,12.84,30.91,33.37
SP,RN,332,20.46,17.77,34.23,10.54
SP,RO,169,19.38,18.02,29.68,6.51
SP,RR,33,31.62,26.2,53.22,15.15
SP,RS,3596,16.17,13.89,27.06,24.28
SP,SC,2327,15.83,13.86,26.96,26.09
SP,SE,208,21.32,17.83,36.21,12.98
SP,SP,30735,7.95,6.55,14.28,75.8
SP,TO,198,17.75,15.88,28.04,11.62
