seller_id,seller_city,seller_state,n,median_days,avg_days
001cca7ae9ae17fb1caed9dfb1094831,cariacica,ES,194,2.1,2.6
002100f778ceb8431b7a1020ff7ab48f,franca,SP,49,3.34,4.47
004c9cd9d87a3c30c522c48c4fc07416,ibitinga,SP,155,1.38,1.75
00720abe85ba0859807595bbf045a33b,guarulhos,SP,13,3.94,3.66
00ee68308b45bc5e2660cd833c3f81cc,sao paulo,SP,133,1.51,1.96
00fc707aaaad2d31347cf883cd2dfe10,maringa,PR,102,2.36,2.74
013900e863eace745d3ec7614cab5b1a,curitiba,PR,23,3.0,3.34
014c0679dd340a0e338872e7ec85666a,timoteo,MG,14,5.42,5.66
014d9a685fd57276679edd00e07089e5,maringa,PR,10,2.31,2.35
0176f73cc1195f367f7b32db1e5b3aa8,ibitinga,SP,36,1.79,2.15
01bcc9d254a0143f0ce9791b960b2a47,uruacu,GO,10,1.48,1.66
01cf7e3d21494c41fb86034f2e714fa1,francisco beltrao,PR,59,2.4,2.74
01fd077212124329bac32490e8ef80d9,ribeirao preto / sao paulo,SP,31,1.05,1.49
01fdefa7697d26ad920e9e0346d4bd1b,londrina,PR,128,1.52,1.8
0241d4d5d36f10f80c644447315af0bd,curitiba,PR,230,1.8,2.15
0249d282d911d23cb8b869ab49c99f53,sao paulo,SP,11,2.74,4.5
02c988090b766852e088c69d7fb3b551,americana,SP,12,1.99,1.85
02d35243ea2e497335cd0f076b45675d,natal,RN,14,10.56,10.3
02dcd3e8e25bee036e32512bcf175493,contagem,MG,13,4.53,4.21
02ecc2a19303f05e59ce133fd923fff7,santo andre,SP,21,3.73,3.9
02f5837340d7eb4f653d676c7256523a,curitiba,PR,30,2.18,2.58
02f623a8eb246f3c5f7c2f96462654e6,botucatu,SP,44,0.86,1.17
0417b067eeab773d2f7061a726dc477f,sao bento do sul,SC,13,1.97,1.8
04308b1ee57b6625f47df1d56f00eedf,bombinhas,SC,92,4.74,6.34
0432ead42b6c8a0bdf68154add917fdf,maua,SP,80,1.24,1.64
048c2757535328e0d7dac690ad3c0aae,franca,SP,50,2.86,2.89
04aa0a1c5ce6b222003403a3e11c3cc0,cosmopolis,SP,11,4.11,4.33
04aba03279157f6d4e0fe8ccaf21963c,santo antonio de padua,RJ,15,2.91,3.63
04e38a233f726ef161074ab1c9b0399a,sao paulo,SP,19,4.69,5.64
0509040ea3fe50071181bbc359eb7738,belo horizonte,MG,87,1.48,2.17
054694fa03fe82cec4b7551487331d74,itajobi,SP,20,5.71,10.41
056b4ada5bbc2c50cc7842547dda6b51,queimados,RJ,64,1.86,2.09
058cb5aeb36d7c0fcae20fc85d5e0a59,rio de janeiro,RJ,11,2.98,3.67
058fd0aa2bfdb2274e05e1ae971dabb6,santo andre,SP,59,1.5,1.9
05d2173d43ea568aa0540eba70d2ca76,alfenas,MG,62,2.12,2.66
05f51e13da97139648b8125c31e5f51b,belo horizonte,MG,57,3.11,5.17
05ff92fedb5be47920fea08e501238b9,santo angelo,RS,57,1.26,2.69
062ce95fa2ad4dfaedfc79260130565f,lajeado,RS,54,5.01,5.77
06579cb253ecd5a3a12a9e6eb6bf8f47,sao paulo - sp,SP,60,1.96,2.23
066a6914e1ebf3ea95a216c73a986b91,foz do iguacu,PR,64,2.44,3.3
0691148aee60ca47977c187804f935ae,londrina,PR,47,1.68,2.55
06a2c3af7b3aee5d69171b0e14f0ee87,sao luis,MA,384,2.92,4.9
06bb3a2fe5e7b7a845b13e8fb91bd944,belo horizonte,MG,17,1.02,1.37
06df0c10d34e459d9672bc77388742eb,maringa,PR,26,0.99,1.24
06e5eefc71ec47ae763c5c6f8db7064f,porto alegre,RS,90,1.51,2.43
070d165398b553f3b4b851c216b8a358,sao paulo,SP,30,3.91,4.11
0725b8c0f3f906e58f70cbe76b7c748c,guarulhos,SP,16,3.29,5.53
0747d5bb69f0586cc869d8af4c50f93e,saquarema,RJ,12,3.09,5.62
07bf9669d84d1f11be443a9dd938f698,sao paulo,SP,18,1.94,1.83
080102cd0a76b09e0dcf55fcacc60e05,belo horizonte,MG,120,1.19,1.58
080199a181c46c657dc5aa235411be3b,osasco,SP,78,2.13,2.31
08084d990eb3f53af056ccbc1730c8a7,sao paulo,SP,11,3.96,3.8
082e0bf4cb865a6533b1e8e498cc0255,botucatu,SP,11,2.13,2.06
08633c14ef2db992c11f840f04fad4cd,ribeirao pires,SP,70,1.22,1.53
0885aaf116795758dfeb5f1032487bcd,ferraz de vasconcelos,SP,25,0.85,1.16
0887a9f087bcd5d9f6642b52f897fc6c,cananeia,SP,12,1.36,1.39
08d0949a9a17c027262db1f3c450c26c,cascavel,PR,11,4.97,4.59
08d2d642cf72b622b14dde1d2f5eb2f5,marilia,SP,16,2.74,3.08
093805f8f2aeb63881444571e1f48f30,osasco,SP,22,2.22,2.59
094ced053e257ae8cae57205592d6712,ribeirao preto,SP,19,0.99,2.04
099095b050cfe8eb1ddff5317587e96e,sao paulo,SP,16,2.42,2.35
09f952a5f58d2285b0372551ae8f9b01,sao bernardo do campo,SP,46,2.58,2.9
0a85ebe4e328db81ac9109781205e2f7,jundiai,SP,12,1.37,1.77
0ac4201fda2c68ebc0e47cb9423cf3c9,sao paulo,SP,13,2.05,2.15
0adac9fbd9a2b63cccaac4f8756c1ca8,louveira,SP,105,4.21,4.23
0afccdb8a34ee5c79f7c06faf2b4d56e,uberlandia,MG,24,2.5,3.73
0b35c634521043bf4b47e21547b99ab5,teixeira soares,PR,49,2.25,3.84
0b90b6df587eb83608a64ea8b390cf07,maringa,PR,160,2.08,2.67
0bae85eb84b9fb3bd773911e89288d54,itajai,SP,133,1.12,1.34
0bb738e4d789e63e2267697c42d35a2d,sao roque,SP,29,2.26,2.99
0be8ff43f22e456b4e0371b2245e4d01,sao paulo,SP,155,1.97,2.52
0bf0150d5b9d60d9cd2906003332f085,sao paulo,SP,39,4.76,5.57
0c7533c71df861ec58ad7ff999ed0e8d,valinhos,SP,59,2.33,2.97
0c8380b62e38e8a1e6adbeba7eb9688c,tres coracoes,MG,176,2.68,3.17
0cbcee27c791afa0cdcb08587a2013a8,tres coracoes,MG,37,1.65,2.24
0d33a55da925bbf1ff02af5f6059fc7f,sao paulo,SP,20,1.91,1.82
0d85bbda9889ce1f7e63778d24f346eb,uberlandia,MG,51,2.95,3.26
0db783cfcd3b73998abc6e10e59a102f,santos,SP,130,2.22,2.96
0dd184061fb0eaa7ca37932c68ab91c5,guarulhos,SP,156,2.47,2.97
0df3984f9dfb3d49ac6366acbd3bbb85,betim,MG,85,2.37,2.69
0ea22c1cfbdc755f86b9b54b39c16043,sete lagoas,MG,225,1.57,1.99
0eaa7e33d73809f1f925f7d07c506cbd,santo andre,SP,15,0.91,1.29
0ebd97a106433a45a4aebe57c1799778,contagem,MG,30,2.17,2.56
0ed6ce5d87fd9c69eaacaeb778d67235,americana,SP,42,4.37,5.01
0ef83d7d83ed97cd2a0049ac8be5f88a,curitiba,PR,47,1.26,1.68
0ff83046c3fa22efee8ecf291888b191,caxias do sul,RS,10,3.56,3.89
0ffa40d54288e4f3499b8780dd0f144f,presidente prudente,SP,33,2.08,2.21
10076e5788b8ee532724bcd460baf762,batatais,SP,22,1.07,1.55
1025f0e2d44d7041d6cf58b6550e0bfa,sao paulo,SP,897,3.44,4.27
1127b7f2594683f2510f1c2c834a486b,campinas,SP,109,2.05,2.53
11305281b50fff20ae8bb473f8e11876,uba,MG,35,1.79,2.42
113e3a788b935f48aad63e1c41dac1bd,aparecida,SP,39,2.08,2.65
116ccb1a1604bc88e4d234a8c23f33de,sao bernardo do campo,SP,59,1.41,1.82
11bfa66332777660bd0640ee84d47006,ribeirao preto,SP,76,2.01,2.62
128639473a139ac0f3e5f5ade55873a5,maringa,PR,524,2.28,2.92
128f9bfbe4c7d5185033914b1de3d39a,atibaia,SP,13,3.01,3.87
12b9676b00f60f3b700e83af21824c0e,montenegro,RS,133,4.99,4.62
13074f016982ff2bd6c58ced8682f000,bento goncalves,RS,13,2.12,4.29
1336efc61c316ddf92c899eb817f7cae,assis,SP,68,2.93,3.34
1354d51653f645349064725ed204e85e,sao paulo,SP,18,3.11,4.05
138dbe45fc62f1e244378131a6801526,sao paulo,SP,45,1.69,1.85
13d058e4eeac2ce8217660b2f8a05812,osasco,SP,22,2.73,3.42
141440cad9341e553f8401c574a2aa38,pitanga,PR,10,1.62,1.42
1430239a858e7682bbc43b20758af153,sao paulo,SP,17,1.17,1.52
1464afc72f696af775557a821c2e253f,nova friburgo,RJ,29,1.14,1.37
14a08204d03bb6b6bde8029f801ae0eb,sao paulo,SP,27,1.77,3.0
14d7985702e72162bbf13b6beb74ab2b,santo andre,SP,36,2.08,2.46
1554a68530182680ad5c8b042c3ab563,monte siao,MG,243,2.01,2.48
157c3e4b42f81ac4a44e8b1ca2fe9876,sao paulo,SP,19,3.34,3.66
15aac934c58d886785ac1b17953ea898,muqui,ES,25,2.1,2.55
15cd6eefe58588619aaed41dfa6621b1,ouro preto,MG,15,4.24,3.63
16090f2ca825584b5a147ab24aa30c86,atibaia,SP,397,1.5,2.01
165b1235e9e9942cb5fae67103576fb0,ribeirao preto,SP,11,1.13,1.33
165fc07beebdcb6190fba8a06db2a449,maringa,PR,47,2.34,3.42
1660ad786c27fd935378b6192a90b417,sao bernardo do campo,SP,11,1.26,2.04
1690cada046eb7e92c12f98b1f8a8167,sao paulo,SP,10,1.02,2.02
17306570e772e7718c92a562d33f5f1d,bariri,SP,27,3.22,4.31
1771297ac436903d1dd6b0e9279aa505,guarulhos,SP,28,0.87,1.38
17908cf9b444ee34047cadd5c0f4a516,anapolis,GO,11,2.14,3.16
179d859f51292aac5c10806a356f7af9,ribeirao pires,SP,18,1.72,2.01
17a053fcb14bd219540cbde0df490be0,mogi guacu,SP,124,3.73,3.82
17ca9b9e9b9ef8fdb529001b49ebb50f,betim,MG,114,1.19,1.93
17e34d8224d27a541263c4c64b11a56b,riberao preto,SP,246,1.93,2.97
17f51e7198701186712e53a39c564617,sao paulo,SP,55,12.43,12.49
1835b56ce799e6a4dc4eddc053f04066,ibitinga,SP,392,1.71,2.03
1838dd9b8977065acf51d95e0053ea7a,belo horizonte,MG,62,1.38,1.66
18a349e75d307f4b4cc646a691ed4216,sao paulo,SP,108,2.04,3.79
18e694e0e48ed6f7aa3f24aade5fd697,varzea paulista,SP,31,1.28,1.5
1900267e848ceeba8fa32d80c1a5f5a8,ibitinga,SP,377,1.81,2.36
1987cd4be10fe09ee50454f9c354d1c6,ouro fino,MG,14,2.71,5.15
198c7ea11960a9844b544d9bcdca860c,jacutinga,MG,25,1.71,2.32
1a3df491d1c4f1589fc2b934ada68bf2,joinville,SC,159,3.71,3.87
1a932caad4f9d804097d7f8e615baed1,sao paulo,SP,20,0.89,1.46
1b1ae47a313a825a7ccceb8e2e30fa9d,bocaiuva do sul,PR,10,1.62,2.83
1b4c3a6f53068f0b6944d2d005c9fc89,sao ludgero,SC,110,1.47,1.98
1b7e5006cb25dd23ce8686691013b121,sao paulo,SP,11,6.37,7.19
1b8356dabde1d35e17cef975c3f82730,sao paulo,SP,55,1.44,1.79
1b8b75e227c9a9c100d0c210fb6176ce,sao paulo,SP,15,8.75,9.59
1b938a7ec6ac5061a66a3766e0e75f90,penapolis,SP,29,1.45,1.89
1bb2bdb95f4841f1bba2c0d2cd83d3c9,sao paulo,SP,79,4.5,5.47
1c129092bf23f28a5930387c980c0dfc,sao paulo,SP,190,4.2,4.07
1c40343cc5d18c2d8248ac2f3366de34,limeira,SP,20,2.48,2.38
1c5e4e49b9079480255b49d50aac1aa9,santos,SP,12,2.84,3.24
1c68394e931a64f90ea236c5ea590300,sarandi,PR,137,4.07,5.15
1ca7077d890b907f89be8c954a02686a,santana de parnaiba,SP,108,5.92,5.63
1caf283236cd69af44cbc09a0a1e7d32,nova iguacu,RJ,33,2.09,2.45
1cbd32d00d01bb8087a5eb088612fd9c,sp / sp,SP,11,2.67,4.17
1ce3ae5a399804d1a87e706f8a813c3e,jaguaruna,SC,37,2.01,2.51
1d29dfba02015238dfbe2449a5eaa361,vicosa,MG,12,0.97,2.05
1d4587203296c8f4ad134dc286fa6db0,sao paulo,SP,39,1.14,1.74
1d503743d2526f03f0c2c89540ee008c,sao paulo,SP,12,1.97,1.86
1d8dbc4f32378d715c717c1c1fc57bae,arapongas,PR,90,3.89,4.22
1da366cade6d8276e7d8beea7af5d4bf,uba,MG,42,7.01,7.34
1da3aeb70d7989d1e6d9b0e887f97c23,sao paulo,SP,255,1.55,1.88
1dc2de47ee26a0a5b12dc14fd6dc0dea,ibitinga,SP,25,2.36,2.65
1dcfa3835714681d4ba4a93bc1e0fd41,birigui,SP,12,4.9,6.58
1dfe5347016252a7884b694d4f10f5c4,ibitinga,SP,19,2.2,2.54
1e8b33f18b4f7598d87f5cbee2282cc2,sao paulo,SP,119,1.24,1.68
1eade46fba20122dc4aefb379f8c636b,sao paulo,SP,58,1.27,2.05
1f1bb1f0859883505541bdd6606193e5,sao paulo,SP,27,3.72,3.75
1f50f920176fa81dab994f9023523100,sao jose do rio preto,SP,1384,3.93,3.99
1f9ab4708f3056ede07124aad39a2554,tupa,SP,75,2.64,3.2
1fdc574883ef3b33ad41562d93f3a74a,limeira,SP,18,1.22,1.87
1fe5540d7c1c37a595fefbacd5570d9e,paraiba do sul,RJ,20,2.14,2.45
2059c39f76271d4ca3f15b5ffaccc8b8,curitiba,PR,12,2.02,2.44
2089a6d640999f9b9141ac719b2af596,sao carlos,SP,40,7.47,9.33
20cb7c2fde3e5bf10f0bbe7394e1c6a9,andira-pr,PR,31,1.59,2.32
20d83f3ef0e6925fd74bfd59170babf7,sao paulo,SP,37,1.69,1.84
2138ccb85b11a4ec1e37afbd1c8eda1f,sao paulo,SP,380,2.28,2.71
213b25e6f54661939f11710a6fddb871,salto,SP,138,8.84,8.46
2156f2671501a81034d7d07f217609d0,sp,SP,21,3.22,3.37
218d46b86c1881d022bce9c68a7d4b15,ribeirao preto,SP,376,1.49,2.01
218f991754f360af9c2daa5e0b8e990c,sao paulo,SP,14,3.29,3.37
2199e7fe213c16213bf5d6a7eadc9a5d,registro,SP,24,1.47,1.93
21e83881401b92b49fb09a16d3852291,uberlandia,MG,12,3.42,3.66
226b05fe067266c59c15dae208213d06,curitiba,PR,10,1.13,1.31
229c3efbfb0ea2058de4ccdfbc3d784a,belo horizonte,MG,118,1.22,1.74
232a6014e7b10cba61c6c2b2ea6bb4b0,cafelandia,SP,32,1.88,2.05
23613d49c3ac2bd302259e55c06c050c,porto ferreira,SP,66,4.85,5.42
236585a4ddb5fea9fa40233e2249ed91,caxias do sul,RS,11,4.73,6.16
238fac594e170b59c6d228f5a4f4f1d9,dois corregos,SP,28,1.62,1.94
23a0ffca143a15b9b5bbdb7d552f626a,sao pedro,SP,22,1.14,1.36
23c38debaffe4a25a30fdbd9b586a13f,votorantim,SP,40,2.24,2.95
23d7c96d4a1160db1c726b248601b25a,capivari,SP,50,1.17,3.6
240b9776d844d37535668549a396af32,niteroi,RJ,35,5.79,5.39
244c2f1bff6afe1f2eaf9bfe9b2aed38,mogi das cruzes,SP,23,2.7,3.33
2528513dd95219a6013d4d05176e391a,osasco,SP,153,1.96,2.65
257e61d3251fb5efb9daadddbc2cf7ca,apucarana,PR,12,1.45,1.63
259f7b5e6e482c230e5bfaa670b6bb8f,poa,SP,134,1.44,1.8
25c5c91f63607446a97b143d2d535d31,itauna,MG,148,4.51,5.19
25cf099de44674fde97473224f9d59ab,cotia,SP,50,1.29,1.77
25e47381a6c510ddeb36084e33b89f0c,praia grande,SP,16,3.23,3.38
25e6ffe976bd75618accfe16cefcbd0d,sao paulo,SP,106,1.58,2.11
2646baaf662d4d92ac48f047e35db92d,sao paulo,SP,15,1.26,1.62
26785a546900236d66f2e4197c211158,sao paulo,SP,15,1.86,2.21
26d6bbee02420494d471c9f6436929c0,curitiba,PR,12,1.02,1.54
26d8a1c7c75d513045798992ead43aa2,apucarana,PR,34,2.75,3.14
26e2c91ef821e1ff8985f408788fe35b,ibitinga,SP,12,2.23,2.93
270297ead4c65a6cd2593960d2af6b21,sao paulo,SP,17,2.97,3.14
2709af9587499e95e803a6498a5a56e9,sao paulo,SP,24,1.89,2.51
271c58a1d139c45eaf3316107c6d3a3b,sao paulo,SP,27,6.72,5.92
272f092de69afedd4d2969440b37f18f,sao paulo,SP,24,2.68,2.95
2745f798279e0ed033addcc1474776d7,sao paulo,SP,31,3.13,3.44
276677b5d08786d5dce7c2149dcce48b,belo horizonte,MG,31,1.56,2.13
282f23a9769b2690c5dda22e316f9941,belo horizonte,MG,98,3.25,3.44
289cdb325fb7e7f891c38608bf9e0962,belo horizonte,SP,104,1.15,1.63
28f10b1c5e5abb9d4857745bede6147c,sao paulo,SP,28,1.52,1.76
2953ce3a88f5e3c3b696d77fc9e4c8eb,sao paulo,SP,14,2.39,2.49
2a1348e9addc1af5aaa619b1a3679d6b,belo horizonte,MG,48,4.01,5.13
2a261b5b644fa05f4f2700eb93544f2c,porto ferreira,SP,47,1.69,2.25
2a5b78b41cd05baeac8df54c6606b92c,formiga,MG,46,1.23,1.66
2a61c271b1ac763450d846849783e922,santo andre,SP,17,2.14,1.96
2a6fbeaa7ab9e5d59a35841a8da71ce4,jaragua do sul,SC,29,4.24,4.19
2a7dc43cecabf23403078e2188437d1d,sao paulo,SP,52,3.8,4.18
2a84855fd20af891be03bc5924d2b453,belo horizonte,MG,150,1.53,1.89
2aa3443d7bf9d9bb11133f420d75e083,rio de janeiro,RJ,10,1.82,2.27
2addf05f476d0637864454e93ba673d5,brasilia,DF,12,1.09,1.29
2b1a40c1daabc6ca280c4b815c101841,divinopolis,MG,22,1.12,1.16
2b3e4a2a3ea8e01938cabda2a3e5cc79,sao paulo,SP,51,2.98,2.93
2be17df1c49978426251562096c3cc09,tubarao,SC,15,1.13,1.67
2bf6a2c1e71bbd29a4ad64e6d3c3629f,nova friburgo,RJ,30,1.26,2.64
2c4c47cb51acd5ea5db5e0ae0e26542a,buritama,SP,12,1.31,2.35
2c9e548be18521d1c43cde1c582c6de8,mogi das cruzes,SP,124,1.52,2.02
2d2c62bef4c8ba0dd74e0e228e808539,ribeirao preto,SP,16,0.82,1.58
2d42ebcda99fd55f6f4bc2f1ca035d50,uruacu,GO,10,1.47,1.56
2d50d6282f8aa2257819a77bfaa0efe0,ibitinga,SP,42,3.11,3.09
2d518637f53161b973e01f56ea4bb88e,sao paulo,SP,13,3.98,4.04
2dee2ce60de9709b1a24083217181a1f,sinop,MT,54,1.93,2.12
2e13c71026e1a39ba5cc1b86dcb679aa,sao paulo,SP,24,2.56,2.91
2e1a7d075abe038c1b2743005fe42ff1,sao paulo,SP,17,3.21,3.2
2e1c9f22be269ef4643f826c9e650a52,sao paulo,SP,160,1.72,2.14
2e3be8a987a30d7544dbbda6861cc14e,belo horizonte,MG,14,1.95,3.16
2e90cb1677d35cfe24eef47d441b7c87,sao paulo,SP,126,1.98,2.28
2eb70248d66e0e3ef83659f71b244378,campinas,SP,185,9.99,11.25
2f4b0d3b9634b647d4edee577d7ebb7e,sao paulo,SP,10,4.02,4.1
2f74af7a0ee5636f12c2336f9fffed47,sao paulo,SP,13,3.86,3.91
2ff97219cb8622eaf3cd89b7d9c09824,salto,SP,86,1.12,1.59
3078096983cf766a32a06257648502d1,scao jose do rio pardo,SP,56,1.22,1.88
30829ded4523ab9224b93bc49a62c95f,parai,RS,18,3.63,4.27
3092c0b297aacfb4bb6e056ebe13b9b8,aruja,SP,14,3.12,3.86
30a2f535bb48308f991d0b9ad4a8c4bb,santa barbara d'oeste,SP,68,1.21,1.69
30a81d8cf85fb2ada1b1b094c9583a95,sao paulo,SP,17,1.17,1.65
31344c16881c08a8a72c6d2eb29918c1,uba,MG,42,2.97,3.1
31561f325664a8a7aba4c8d0c3a9b3db,sao paulo,SP,35,2.04,2.0
318f287a62ab7ac10b703ac37435a231,sao paulo,SP,51,3.11,4.27
31ae0774c17fabd06ff707cc5bde005f,americana,SP,11,1.85,2.14
31da954dc0855f2495c6310f70a2f931,araras,SP,28,1.08,1.56
323ce52b5b81df2cd804b017b7f09aa7,sao paulo,SP,29,4.03,4.16
325f3178fb58e2a9778334621eecdbf9,taboao da serra,SP,35,1.82,2.14
32b8764b4ef628b53608fc34011fcc13,lages,SC,35,1.84,1.92
3340ef1913fb70d28420f6ceb685c339,maringa,PR,30,1.26,2.09
334cab711dee080b079fa5779b584783,santo andre,SP,11,1.28,1.56
33576ec5412fb5905d876f12f33bfde6,curitiba,PR,31,4.1,8.54
3361277dc30b7cccdb0c286b24219756,maringa,PR,29,2.93,3.01
33a17d60c64393351ebf1ef860f4e0f2,porto alegre,RS,41,2.37,3.49
33a6f4b1e7cdc205511e76ba1b6e0186,guarulhos,SP,102,1.39,1.73
33ac3e28642ab8bda860a2f693000e78,cotia,SP,34,2.21,2.63
33c51922b6e3c16b24a8f28e5833c99d,londrina,PR,18,6.02,6.6
33cbbec1e7e1044aaf11d152172c776f,bento goncalves,RS,15,1.05,1.16
34056b8b55c1775a22af2331670a799c,penapolis,SP,77,1.63,1.94
343e716476e3748b069f980efbaa294e,campinas,SP,17,5.26,5.57
3481aa57cd91f9f9d3fa1fa12d9a3bf7,capivari,SP,25,4.68,4.75
34d1ca11b242c0fee2c834ae8d788566,congonhas,MG,40,1.84,2.12
3504c0cb71d7fa48d967e0e4c94d59d9,maua,SP,52,1.71,1.85
3586b8580d9c917874e053a1bb37b5ff,araraquara,SP,36,2.11,2.39
36890be00bbfc1cdb9a4a38a6af05a69,osasco,SP,13,2.84,3.26
36a968b544695394e4e9d7572688598f,santos,SP,146,3.03,4.15
373ee4a3a775a733770ca3f790b8b9ac,rio de janeiro,RJ,13,3.42,5.4
37515688008a7a40ac93e3b2e4ab203f,dracena,SP,222,5.18,5.17
376a891762bbdecbc02b4b6adec3fdda,goiania,GO,57,1.05,1.69
3771c85bac139d2344864ede5d9341e3,sorocaba,SP,26,3.85,4.21
3785b653b1b82de85ab47dd139938091,ampere,PR,21,1.23,1.86
37be5a7c751166fbc5f8ccba4119e043,sao paulo,SP,269,2.86,3.35
381c83fdca332ea6afd896da20bf6e4a,curitiba,PR,46,2.14,2.36
382229d1e840115ffe3dbf5ff460e417,rio de janeiro,RJ,44,1.12,1.63
38e679b9e0064cd94c6f035707344dae,londrina,PR,27,2.02,2.65
391fc6631aebcf3004804e51b40bcf1e,ibitinga,SP,505,2.85,3.45
392e0502231ae2f8b29994ef6398cd77,cerqueira cesar,SP,17,2.53,3.16
3935fe5fe0f82787a9dcb8deb62be09d,sao paulo,SP,16,1.15,1.85
3969863bb8af7f72580b3b1ffd3a17b3,sao paulo,SP,12,5.02,4.43
39c763cca83e654764b7a4a650fb9b7c,goiania,GO,11,2.72,2.34
39d54ff918774174706fb065d7f9dc07,sao paulo,SP,21,1.22,2.62
3a1a1fec38dd360f15fc912e821e169d,sao paulo,SP,14,3.34,3.62
3a734b715d333a2588a3d54a0c9b8746,osasco,SP,14,1.76,2.62
3ab971ce71839580d2ae5b4e40fe8044,sao paulo,SP,35,1.82,2.16
3ade81dab5a172b88e1871c28ae05260,sao jose do rio preto,SP,28,3.97,3.85
3b15288545f8928d3e65a8f949a28291,ibitinga,SP,98,2.86,3.29
3b872fd4747f01cc56206f2934198618,ibitinga,SP,25,2.08,2.46
3bb548e3cb7f70f28e3f11ee9dce0e59,maringa,PR,45,2.8,3.04
3bdff180c7e1f6551a643b99c265a120,sao paulo,SP,56,1.74,2.14
3be634553519fb6536a03e1358e9fdc7,sao paulo,SP,78,1.41,2.64
3c010235b7345c92f125d14ee232a76b,mandirituba,PR,15,5.59,5.22
3c03b12bab54d8b37d79d914bfdb1aa0,sao joao de meriti,RJ,36,1.71,1.76
3c487ae8f8d7542beff5788e2e0aea83,gama,DF,30,2.69,3.43
3c4e0452bff7a2a788179488d3d77032,colombo,PR,32,2.19,2.25
3c7c4a49ec3c6550809089c6a2ca9370,sao paulo,SP,136,2.09,2.4
3ca08eeb8d5595949fed424bd3677742,curitiba,PR,13,2.05,2.37
3d2531eccfbde1d7c8db7a3a12fb267a,contagem,MG,10,2.99,2.88
3d5d0dc7073a299e31fa718ce1bc00b6,rio de janeiro,RJ,19,1.63,2.07
3d871de0142ce09b7081e2b9d1733cb1,campo limpo paulista,SP,1051,2.92,3.32
3d8fa2f5b647373c8620330c4e077a9f,sao paulo,SP,42,2.7,3.1
3db66a856d18a9cba7c9241fc5221c50,ponte nova,MG,94,4.79,5.74
3dbbce181edfaa4a597ec858c382d2ec,curitiba,PR,17,3.09,3.43
3df020b72d3d44b3af9d110fa3940b65,jales,SP,54,1.76,2.0
3f3486b61f45078d4f31ee5e43d8c5bb,sao paulo,SP,39,1.3,1.89
3f8034bfc6b8b4135534975d49f04c63,curitiba,PR,11,0.97,1.71
3f995f07c49d0d55a99d5c54957f7d81,itapecerica da serra,SP,43,1.66,1.77
3fac58ce0ad699020c7944d53c41329c,sao paulo,SP,10,1.72,2.57
3fd1e727ba94cfe122d165e176ce7967,araraquara,SP,34,2.17,2.38
403aa86912527d730337ffcb0fb096ab,belo horizonte,MG,11,3.1,3.4
406822777a0b9eb5c50e442dd4cd3ec5,tatui,SP,44,1.5,2.23
40d54b51e962dbe09cabbcfd33298dee,santo andre,SP,29,1.69,2.5
40db9e9aa57f7bb151bcda6b0f9bdbb7,recife,PE,12,6.39,5.97
411f3b52d857390502ee4e4d5ceabc2d,ribeirao pires,SP,19,1.25,1.82
412a4720f3e9431b4afa1476a1acddbe,campinas,SP,21,1.24,1.57
41ab63a91b8b264e8c8780368bf1dd5b,belo horizonte,MG,11,7.56,8.0
41b39e28db005d9731d9d485a83b4c38,santo andre,SP,181,2.59,4.55
41b86b552e54e3a7009596125aa8b167,sao paulo,SP,10,2.0,2.12
41c2bad7229b0c25e6becf179ebf63ff,natal,RN,20,1.37,1.85
41da412d33e8da4f22baf55cb1bde82c,domingos martins,ES,15,2.04,2.18
4200ddf1967c5e41e48db62bc6d4b5ac,sao bernardo do campo,SP,21,2.24,2.35
42b729f859728f5079499127a9c2ef37,sao paulo,SP,99,1.78,3.37
42bde9fef835393bb8a8849cb6b7f245,brasilia,DF,34,1.3,2.22
42ef3192a9ff87a22d1867b74b3ee205,santo andre,SP,23,3.5,4.12
42fa4ee7240e9b8eb4576358ec142ba7,caxias do sul,RS,22,1.0,1.26
430315b7bb4b6e4b3c978f9dfa9b0558,sao paulo,SP,19,3.05,4.12
4305fe92735c8a43d154ff6dd2b8d927,coronel fabriciano,MG,17,2.15,2.78
431050a06a317f2b38168dec3dcd2b46,sao paulo,SP,10,2.86,2.49
431af27f296bc6519d890aa5a05fdb11,ribeirao preto,SP,115,4.03,4.83
4324dd16853115efb0fd9d0d131ba6f4,sao jose do rio pardo,SP,12,1.19,2.22
432c37c9dfba871172ec162e20118b8c,brasilia,DF,44,4.01,4.5
4371b634e0efc0e22b09b52907d9d469,sao paulo,SP,101,1.3,1.84
43f8c9950d11ecd03a0304a49e010da6,carapicuiba,SP,41,1.91,1.95
44073f8b7e41514de3b7815dd0237f4f,brasilia,DF,142,2.32,3.1
440dd6ab244315c632130ecfb63827b1,votuporanga,SP,91,2.0,3.01
45213867cefbf2cd4c6177e10216a951,araras,SP,14,2.21,2.88
4559697a8f7e637227c2eeaed843baff,presidente prudente,SP,39,1.92,2.49
45ba18c210d42734ec52c0c1c574e9ee,sao roque,SP,34,1.08,1.58
45d33f715e24d15a6ccf5c17b3a23e3c,sorocaba,SP,53,2.47,4.55
4677a5437afda5fa7140b927b07be1cc,japira,PR,11,2.02,3.51
46dc3b2cc0980fb8ec44634e21d2718e,rio de janeiro,RJ,500,2.19,3.13
4736e9d642ef4257cd7622516931eb51,piracicaba,SP,16,1.76,2.0
47efca563408aae19bb7206c2d969ea9,teresina,PI,11,0.97,1.78
48162d548f5b1b11b9d29d1e01f75a61,piracicaba,SP,65,1.22,1.68
4830e40640734fc1c52cd21127c341d4,sao paulo,SP,201,1.55,1.93
48436dade18ac8b2bce089ec2a041202,volta redonda,SP,134,4.14,4.36
4869f7a5dfa277a7dca6462dcf3b52b2,guariba,SP,1117,2.38,2.76
48efc9d94a9834137efd9ea76b065a38,curitiba,PR,33,6.08,5.43
49067458c68f7701fd334ce326accbe0,juiz de fora,MG,15,5.07,5.13
4917cee8d902e13428c3ec4b1ca6f315,blumenau,SC,31,7.83,8.29
4978a02ea9c8be7a9b5480680f40334e,sao paulo,SP,17,1.2,1.87
4992e76a42cb3aad7a7047e0d3d7e729,sao paulo,SP,54,1.08,1.59
49e7217cfe4e427191c378ec626d8737,formiga,MG,12,2.54,4.35
4a1f694197d05fe70026b016a7316b41,pedreira,SP,14,1.89,2.29
4a3ca9315b744ce9f8e9374361493884,ibitinga,SP,1724,2.18,2.78
4a3ccda38b2129705f3fb522db62ca31,marilia,SP,62,2.03,3.49
4aba391bc3b88717ce08eb11e44937b2,arraial d'ajuda (porto seguro),BA,27,1.08,2.64
4b0fdb526525f9890eb145bf1534640e,ibitinga,SP,18,1.1,1.33
4b5f66b7adcf57f1ecc0d3c07dd6b177,vendas@creditparts.com.br,PR,23,2.71,5.05
4b9750c8ad28220fe6702d4ecb7c898f,limeira,SP,217,1.73,2.18
4ba52dfeba874da5b9ee7b17c7494f04,mogi das cruzes,SP,11,2.24,2.36
4be6b962d83299498bae2190f95d6566,sao carlos,SP,10,0.98,1.23
4bf2f4ee540798a61f9636d12cd9cc80,assis,SP,29,2.07,2.34
4bfc7a4a1cf8d4d2121c27422d9e50b5,sao paulo,SP,25,2.66,3.18
4c03b9dd4c11ee2cb35c96c49efc9420,campo limpo paulista,SP,48,1.94,2.15
4c18691b6037662be2df78a765d98ab5,sao paulo,SP,61,1.64,2.05
4c2b230173bb36f9b240f2b8ac11786e,sao paulo,SP,255,5.21,5.31
4c498c7345e89aebad651544829beca0,carapicuiba,SP,45,2.17,2.97
4c8b8048e33af2bf94f2eb547746a916,ibitinga,SP,18,4.83,5.8
4d6d651bd7684af3fffabd5f08d12e5a,jau,SP,358,3.18,3.95
4da0e408c99d2fdc2126dc9fce518060,cornelio procopio,PR,44,1.08,1.65
4de6e4ba574aa9dfdc824bc44dc47fdd,colombo,PR,14,1.42,1.5
4e06067cc08b3f41d837768d392c3ee3,betim,MG,31,1.76,1.88
4e17c65a516f69d023a2ae78b84f28d6,suzano,SP,61,1.88,5.56
4e5725ba188db8252977a4f0227bd462,ribeirao preto,SP,21,2.64,3.2
4e7c18b98d84e05cbae3ff0ff03846c2,jaboticabal,SP,80,1.72,2.14
4e922959ae960d389249c378d1c939f5,jacarei,SP,411,3.06,3.88
4ebdc7e6cd6102a022dadc49156d4ea8,sao paulo,SP,29,3.89,4.41
5011f0d93373a4c5753adf58ca77af8d,santos,SP,11,1.67,2.07
503c1de08ae81a2d86f17951b204db55,sao paulo,SP,22,1.42,1.67
5058e8c1e82653974541e83690655b4a,itaquaquecetuba,SP,61,15.42,15.9
5075aaa8404020ae6aa8bf4792099b41,pocos de caldas,MG,10,5.2,4.4
50c9975695009e5e6473912e83a6d1da,claudio,MG,50,3.64,3.65
512d298ac2a96d1931b6bd30aa21f61d,rio de janeiro,RJ,10,1.81,2.32
5160d23075764e18e07c1f4a87fad743,sao bernardo do campo,SP,32,3.12,3.18
516e7738bd8f735ac19a010ee5450d8d,rio de janeiro,RJ,73,1.07,1.55
51702dc2a3e106c76dbff722b5bf0726,conchal,SP,13,3.05,3.53
51e4e89242cbb846c2deff3dc015650e,rio grande,RS,16,1.56,1.7
520b493b57809f446cb0a233bb3e25c7,santos,SP,63,1.5,2.01
522620dcb18a6b31cd7bdf73665113a9,cascavel,PR,171,2.12,2.69
52562a9f449c3dc3d53f5f5b9ed74903,parnamirim,RN,14,2.55,2.78
527801b552d0077ffd170872eb49683b,garca,SP,90,1.88,2.35
52d76513f0c4d97f3b99570e2c94ee31,novo hamburgo,RS,18,1.1,1.55
52f0fe436a347ddad7ed5f9aa4e27eaa,sao paulo,SP,19,2.4,3.93
52f9db5cfb423382a2fa5c9e39303202,echapora,SP,21,1.12,1.7
530ec6109d11eaaf87999465c6afee01,cascavel,PR,93,1.27,2.12
53243585a1d6dc2643021fd1853d8905,lauro de freitas,BA,348,3.07,3.53
5343d0649eca2a983820bfe93fc4d17e,santo andre,SP,68,1.23,1.59
537eb890efff034a88679788b647c564,rio de janeiro,RJ,152,1.22,1.72
53d00c40e32aeb924a84ce72b1af869d,ibitinga,SP,16,1.83,3.45
53e4c6e0f4312d4d2107a8c9cddf45cd,pedreira,SP,453,3.94,4.02
54065e9aef7e9e9c2dc23b7594db021a,rio de janeiro,RJ,12,1.7,2.9
542917da124346b47ea1ac79a93ce454,curitiba,PR,20,2.94,3.12
54583ab379489add547fe47b628db589,sao bernardo do campo,SP,10,1.29,1.45
54965bbe3e4f07ae045b90b0b8541f52,foz do iguacu,PR,72,6.51,15.47
54a1852d1b8f10312c55e906355666ee,santa barbara d'oeste,SP,197,1.35,1.86
54c04bdb5ec46762f8f08c7e8f86ed4a,florianopolis,SC,17,1.07,1.78
557f22c76691849db52d2abccf0015d0,morrinhos,GO,12,1.7,2.51
55a5b51f93f2b70ea513f5a047b0262a,sao joao del rei,MG,38,2.35,2.6
55bb6fe5bebe5012e2d7d9928e1128ff,bauru,SP,15,3.1,3.71
55d3daac7c404d59e51c2aa2f4dc5a23,sao paulo,SP,21,3.17,3.39
55f7a3319d80f7fdf078b8f03e6725fe,osasco,SP,22,1.6,1.94
562f8cfc51f265411f487d07e9c40e7f,belo horizonte,MG,13,4.01,3.91
562fc2f2c2863ab7e79a9e4388a58a14,campinas,SP,251,1.78,2.03
5656537e588803a555b8eb41f07a944b,brasilia,DF,168,1.17,1.97
56642bcb79900e777d68e91915cb4267,sao paulo,SP,48,2.08,2.86
5670f4db5b62c43d542e1b2d56b0cf7c,sao paulo,SP,22,1.91,2.45
575df70bde3f9f2b30bf8d2e9910d725,sao jose do rio preto,SP,26,2.82,5.85
57c764b4a836300be881e2ff86e449f9,ribeirao preto,SP,28,2.21,2.49
57e632711dec9ec14ca7546769483e7e,navegantes,SC,61,1.2,1.58
582d4f8675b945722eda7c0cb61ba4c7,bertioga,SP,56,1.19,1.61
5882820ef11c4c068eea0677a7a879b4,caxias do sul,RS,14,7.43,7.13
58f1a6197ed863543e0136bdedb3fce2,conselheiro lafaiete,MG,43,2.99,3.34
59417c56835dd8e2e72f91f809cd4092,limeira,SP,18,4.09,4.41
594f9aaa48e5bf431f011ddc5669b0d5,contagem,MG,37,0.85,0.99
596849622429351f47b32e6cae1055ff,mogi das cruses,SP,11,1.0,1.29
59b22a78efb79a4797979612b885db36,uberlandia,MG,124,1.9,2.19
59cd88080b93f3c18508673122d26169,praia grande,SP,10,2.26,2.64
59cea8e446d3834393058e7e0666b6fb,maringa,PR,10,1.11,1.81
59fb871bf6f4522a87ba567b42dafecf,sao paulo,SP,123,1.56,2.78
5a05a16bb50629ee31afab8a6d4c2674,caxias do sul,RS,14,1.92,2.03
5a413ade68e8f8d93071a7f52a64cb9e,sao paulo,SP,14,0.83,0.94
5a425cc503b39b262a847fd6212bf53b,londrina,PR,13,1.17,1.49
5a6a02f419701fc8c605af71d4fc57a4,americana,SP,10,1.54,2.55
5a8e7d5003a1f221f9e1d6e411de7c23,campinas,SP,128,2.09,2.42
5a93f3ab0ef4c84ed5e1b5dbf23978bc,monteiro lobato,SP,38,3.28,3.63
5ab05b6d86d417796c69ffd6774ec832,assis,SP,10,3.1,3.06
5abb8ea023c77787f2c15da891c8d384,joinville,SC,13,5.83,6.32
5b07547f10dd980738a1a27f685af669,guarulhos,SP,13,1.99,2.64
5b0cc932433fa5184b5b94bfe6bcc256,ibitinga,SP,12,4.59,5.89
5b179e9e8cc7ab6fd113a46ca584da81,sao paulo,SP,34,3.7,6.54
5b2e94f2c22b39ccc24d34ad0f669672,sao paulo,SP,10,1.14,1.69
5b33b527da3c5b969cc99dc435cad09a,paranavai,PR,16,1.21,1.15
5b51032eddd242adc84c38acab88f23d,borda da mata,MG,11,3.36,3.54
5b581417df4480f632484ba681e53944,florianopolis,SC,11,2.73,3.26
5b664594895aefb418afaee6d40a9a23,petropolis,RJ,16,4.91,4.57
5b67882648febfb6e1225e6ad7164f6b,umuarama,PR,27,1.57,1.83
5b8154610ebb21fb90eb587365e673df,sao jose dos campos,SP,37,1.85,2.0
5b85809efd0d0e4dea1a9544e1280ed9,presidente prudente,SP,11,0.92,0.85
5b925e1d006e9476d738aa200751b73b,sao paulo,SP,63,1.77,2.08
5bc24d989e71e93c33e50a7782431b0e,campo do meio,MG,17,1.12,1.41
5bc55dbe2f12b6af6d83ed46023e0dc8,coronel fabriciano,MG,16,2.01,3.86
5bffbafbb22daf6d3bfc216a46db8708,nilopolis,RJ,21,1.6,1.85
5c243662ce92d84573bfaff24c3e3700,sao paulo,SP,98,2.8,3.28
5c6d4016c2a288f074fa0848a2b653d2,sao paulo,SP,30,2.15,2.57
5c853bb56f70f4d14218944bae111d7a,cotia,SP,22,3.22,3.78
5cbbd5a299cab112b7bf23862255e43e,pinhais,PR,35,2.87,3.24
5cf13accae3222c70a9cac40818ae839,patos de minas,MG,144,1.65,1.9
5d0363b33554b373851fc1622e4d5f3c,atibaia,SP,91,3.67,3.93
5d3bb11474a06bdc23fb9e89f1164ee0,assis,SP,31,1.81,2.48
5d9dc90a686a8fddacffab6bab5653a3,santana de parnaiba,SP,12,1.41,2.09
5dceca129747e92ff8ef7a997dc4f8ca,santa barbara d´oeste,SP,321,2.05,2.51
5debea795b07621e1f90532e18f96145,apucarana,PR,25,1.21,2.92
5f1dc28029d2c244352a68107ec2b542,sao paulo,SP,61,2.78,3.54
5f2684dab12e59f83bef73ae57724e45,sao paulo,SP,67,2.24,2.19
5f26c1408a65b42a7224cd463bdf3292,arapongas,PR,10,0.98,1.01
5f3ae9136c875522250f8184f253413a,sao paulo,SP,42,1.14,1.62
5f5b43b2bffa8656e4bc6efeb13cc649,sao paulo,SP,27,2.12,2.25
5f67c6082caacb26e431a7b17940cece,maringa,PR,13,8.43,8.32
5f7300535881cef3b625fd683cf7d145,canoas,RS,10,1.62,1.49
602044f2c16190c2c6e45eb35c2e21cb,ibitinga,SP,46,1.8,1.96
6039e27294dc75811c0d8a39069f52c0,osasco,SP,62,6.34,6.54
60562ab00b8054280520d390c8c0045c,sao paulo,SP,17,2.06,2.87
6061155addc1e54b4cfb51c1c2a32ad8,campinas,SP,27,1.17,1.48
609e1a9a6c2539919b8205cf7c4e6ff0,brusque,SC,84,1.79,2.26
610f72e407cdd7caaa2f8167b0163fd8,sao paulo,SP,15,4.83,9.64
612170e34b97004b3ba37eae81836b4c,novo hamburgo,RS,107,4.1,4.82
615005a3ef192c00c6f0e977cee3d2bc,itu,SP,10,1.76,2.2
620c87c171fb2a6dd6e8bb4dec959fc6,petropolis,RJ,720,1.72,2.7
624f4ece8da4aafb77699233d480f8ef,sao paulo,SP,50,3.64,4.05
6288c69c4ce638e59925e59193f98b16,santo andre,SP,20,3.01,3.21
62c50c1af4dfdc4149d25c5222043d39,sao paulo,SP,12,3.95,4.01
6338ea67c41078a46ad99cc009654956,farroupilha,RS,36,4.0,4.48
634964b17796e64304cadf1ad3050fb7,rio de janeiro,RJ,262,3.32,3.8
638cba8be1fb599bbb76fd6948351eb3,sao jose dos campos,SP,16,1.3,1.9
63a79f5a7eb5cb48a7e5787b141c7993,patos de minas,MG,11,2.96,2.7
63b464dbf392c7b80d12d932fa7cafed,sao paulo,SP,36,4.33,5.64
63ffcb71394dd8ea3872ed9ffda17c74,itaborai,RJ,17,2.64,2.9
640e21a7d01df7614a3b4923e990d40c,ibitinga,SP,104,1.08,1.58
6426d21aca402a131fc0a5d0960a3c90,ribeirao preto,SP,23,1.0,1.47
643214e62b870443ccbe55ab29a4dccf,sao paulo,SP,65,1.75,2.27
6481e96574816ead57975da2c0f6d80d,sorocaba,SP,31,1.79,2.52
655220df33262c7e0c4949a147366f94,diadema,SP,13,1.33,1.52
6560211a19b47992c3666cc44a7e94c0,sao paulo,SP,1805,1.16,1.61
659e8466eb3ff1b0e8740d74fb7bbedd,eunapolis,BA,11,1.13,1.68
65b081a070633e057c462abdd6fb9dd8,morrinhos,GO,19,2.28,2.36
65febd49fd28ec955651299159b1f527,sao paulo,SP,33,0.83,1.03
66922902710d126a0e7d26b0e3805106,belo horizonte,MG,150,2.88,3.1
669ae81880e08f269a64487cfb287169,rio do sul,SC,161,1.39,1.89
66dc1b1632bd6a3e508510c5b3492107,jau,SP,36,1.67,2.23
66e0557ecc2b4dbea057e93f215f68d8,sao paulo,SP,30,15.18,18.12
66fd84ee7528c0c0de85d0f44a73d5ab,campina das missoes,RS,11,1.13,2.08
670a9dda115b5a88b18cfadee8de2332,ribeirao preto,SP,10,2.74,3.12
670c26e0f1bf8d0576271d5cfaec6d2b,maringa,PR,76,1.25,1.64
671585f5a2af58b6e276bc01003c0d2b,curitiba,PR,27,1.19,1.53
67883baaae6134ee81b271a542613728,sao paulo,SP,18,0.86,1.03
679769a98cfcc6da877c8486ff1c13f3,ipatinga,MG,21,1.17,1.68
67bf6941ba2f1fa1d02c375766bc3e53,curitiba,PR,15,1.94,1.86
6806dad1da97bfb5a9038eac6881f706,guaratuba,PR,10,2.67,3.16
681fce914360217db47784ae28905a96,araucaria,PR,21,2.39,2.64
6860153b69cc696d5dcfe1cdaaafcf62,capivari,SP,74,1.13,1.78
688756f717c462a206ad854c5027a64a,guarulhos,SP,77,4.69,4.59
68f86ba270525243e68ae74044f992b9,rio de janeiro,RJ,10,1.21,1.58
6973a06f484aacf400ece213dbf3d946,sao jose dos campos,SP,82,5.26,6.44
6a0cbc8af2e8abd1bdfb777943d174c6,batatais,SP,34,2.45,3.33
6a38087bc8ad4f89ff453561005f6dea,anapolis,GO,14,0.95,1.34
6a51fc556dab5f766ced6fbc860bc613,marilia,SP,24,2.89,5.73
6a8a889bde935bafa76d7848782dfaf9,sao paulo,SP,26,1.26,1.63
6a8b085f816a1f75f92dbac6eb545f8f,bebedouro,SP,123,2.0,2.33
6aa3928696eab49a19a466e665a649fd,nova iguacu,RJ,17,1.22,1.51
6b15924333bd1a741595fe981ea04822,sao caetano do sul,SP,21,1.51,1.61
6b243f80ed07b10f0e8aa0f21a205f3c,curitiba,PR,78,1.34,1.81
6b333a05bf188ef3e1f1662a86bd9855,brasilia,DF,12,1.76,1.94
6b3bd31ad8fcda4b2635ec9f3ff2ecdf,rio de janeiro,RJ,34,1.92,3.74
6b536a23086fba0d58c08d68814397f6,niteroi,RJ,18,1.68,1.94
6b90f847357d8981edd79a1eb1bf0acb,guarulhos,SP,45,0.82,1.29
6bb0724edf0b62fb91ac404873a97241,cotia,SP,17,1.73,1.95
6bbcb8924baf70b7fe2fe2097e8cd407,blumenau,SC,10,1.18,1.72
6c12e40690c335dbc2f68a4134d30dc1,castro,PR,16,2.88,3.35
6c177e38df6d3f34182b1f1d427231bf,curitiba,PR,53,6.1,6.48
6c7d50c24b3ccd2fd83b44d8bb34e073,presidente prudente,SP,109,2.83,2.79
6cd68b3ed6d59aaa9fece558ad360c0a,belo horizonte,MG,148,1.74,1.96
6d22a1fcebb6dd08c9cd90b92a93e8d0,joinville,SC,12,2.53,3.1
6d66611d7c44cc30ce351abc49a68421,sao paulo,SP,162,3.37,3.86
6d803cb79cc31c41c4c789a75933b3c7,sao joaquim da barra,SP,58,1.29,1.87
6d988d6174a2c27441597174f8905515,maringa,PR,19,10.06,12.46
6ddc28b61be28373b4503a1f61cf98a9,sao paulo,SP,10,1.15,1.22
6df688df543f90e9b38f4319e75a9d88,belo horizonte,MG,39,1.09,1.54
6e386f64c84e482f0b9abf960797ee1b,sao paulo,SP,29,0.96,1.47
6e864f5c4669eff3d98140a07cc50202,sao paulo,SP,13,3.13,3.17
6ec1a01e866584bb679eb9b098345919,santos,SP,30,2.59,2.67
6edacfd9f9074789dad6d62ba7950b9c,guarulhos,SP,198,1.69,2.02
6f229cc508fc6915ed5c499efd93baa4,rio de janeiro,RJ,13,1.89,2.01
6f83d9e4da896daae20b9b6b2d3ff8d2,pinhalao,PR,11,2.63,3.35
6f892e20a171e98efe17fdb971ff319b,sao paulo,SP,41,4.96,5.6
6fc26fe110feebd80a433e1f012a84f9,fernandopolis,SP,35,2.69,2.95
6fd52c528dcb38be2eea044946b811f8,sao paulo,SP,67,13.09,14.17
7008613ea464bad5cb9b83456e1e6a8f,canoinhas,SC,123,2.5,2.93
701938c450705b8ae65fc923b70f35c7,s jose do rio preto,SP,74,3.13,3.24
7040e82f899a04d1b434b795a43b4617,sao paulo,SP,205,1.79,2.49
70849ca4f400aaabb62cb7462a6f1428,belo horizonte,MG,12,2.38,3.69
709e16e2b25c7474d980076c6bfc4806,birigui,SP,59,1.42,1.96
70a12e78e608ac31179aea7f8422044b,jacarei,SP,309,2.96,3.96
70c27847eca8195c983ed7e798c56743,rio de janeiro,RJ,77,4.71,5.12
70eea00b476a314817cefde4aad4f89a,itatiba,SP,104,1.46,2.46
71039d19d4303bf9054d69e9a9236699,sao paulo,SP,35,2.05,2.35
710e3548e02bc1d2831dfc4f1b5b14d4,rolandia,PR,127,1.88,4.09
712e6ed8aa4aa1fa65dab41fed5737e4,videira,SC,77,3.27,8.05
7139dc5186aa238b006e066d8fbab2e4,amparo,SP,22,3.58,3.59
7142540dd4c91e2237acb7e911c4eba2,penapolis,SP,316,2.23,3.84
715bbd5ba4e6b74cb0d2f29eb45058b0,serra negra,SP,61,1.6,1.91
7178f9f4dd81dcef02f62acdf8151e01,videira,SC,202,4.32,5.28
718539d38d07dd351c76db862760e2e2,campinas,SP,35,1.37,1.94
7202e2ba20579a9bd1acb29e61fe71f6,franca,SP,51,1.63,1.71
7238a95bb63ef7e498389fb863b834a1,limeira,SP,15,0.93,1.52
723cd880edaacdb998898b67c8f9da30,ibitinga,SP,11,2.71,2.85
725c32fa80c2faacc4fc88450d27314e,sao paulo,SP,88,0.92,1.16
7299e27ed73d2ad986de7f7c77d919fa,araguari,MG,329,1.11,1.55
729b2d09b2a0bdab221076327f13d050,mineiros do tiete,SP,48,3.08,3.41
729f06993dac8e860d4f02d7088ca48a,limeira,SP,93,2.11,2.53
72bc2cce903c872fe376a8faaa81d237,sao paulo,SP,17,3.19,3.5
72c5da29406b4234927b81855e7b64f6,guarulhos,SP,31,0.83,1.38
730937bf88cb151eb2eb849f642fc213,rio claro,SP,22,0.97,1.24
7357b52d27cbaa90f81a96cbc1279396,lagoa santa,MG,12,0.96,1.41
73a63f72308aa20a46f4b1632018f196,curitiba,PR,24,2.28,3.05
744dac408745240a2c2528fb1b6028f3,colombo,PR,78,1.22,1.83
750303a20e9c56b2a6bc45cdce0b897d,goiania,GO,53,1.12,1.55
751bdc4d83a466c7206cd42e8f426b03,ribeirao pires,SP,51,2.01,2.7
7586919161935337bf6b6d7ff5779648,rio de janeiro,RJ,11,3.03,2.99
75d34ebb1bd0bd7dde40dd507b8169c3,salvador,BA,57,2.9,4.86
75fbb52eda0cbc24f479d3b2fbfa8d3e,goiania,GO,38,1.78,2.56
7681ef142fd2c19048da7430856b5588,guarulhos,SP,56,1.79,2.18
768a86e36ad6aae3d03ee3c6433d61df,sao paulo,SP,16,0.79,1.39
768de2a4fc06aacecb9a586ccc30746a,brasilia,DF,13,2.31,2.31
76d5af76d0271110f9af36c92573f765,sao paulo,SP,127,2.24,3.28
76d64c4aca3a7baf218bf93ef7fa768d,curitiba,PR,64,1.74,2.14
76ea5315acb3f5f7ade3cd261faf922a,sao paulo,SP,15,1.07,1.7
7722b1df1b0e383e000397b2c11e3e19,sao bernardo do campo,SP,129,1.99,2.2
77530e9772f57a62c906e1c21538ab82,curitiba,PR,303,1.99,2.43
77a515caa36327151d1cc6c32a9f00e1,diadema,SP,25,1.53,1.94
77e4abfd739aed9c46480f90f81c0eb4,brasilia,DF,17,2.03,3.16
77fccaae319668a8ab6cd0fd16aec48c,campos dos goytacazes,RJ,11,0.81,1.9
784ba75dd9d20200c4caed3d7a77141a,sao paulo,SP,19,6.49,8.14
788e857f317e53de488d393e65a80f45,sao paulo,SP,11,1.99,2.0
78c99c6dff4eeae5be99bf635ed21e3f,marilia,SP,31,1.97,2.57
7901646fdd36a55f564ffaf2dbccaaf7,rio de janeiro,RJ,22,2.09,2.7
79ebd9a61bac3eaf882805ed4ecfa12a,cascavel,PR,125,6.01,5.6
79ed755314cfe6df0daef2c6cd3022cd,rio claro,SP,23,1.12,1.48
7a241947449cc45dbfda4f9d0798d9d0,jacutinga,MG,56,2.26,4.17
7a2d2949aea47fab95fd98d6c9f618b1,curitiba,PR,11,1.71,1.79
7a425d299613df3e613bcf9d2eaf5c49,rio de janeiro,RJ,18,1.04,1.35
7a67c85e85bb2ce8582c35f2203ad736,sao paulo,SP,1135,1.53,2.03
7aa4334be125fcdd2ba64b3180029f14,laranjal paulista,SP,212,4.85,5.45
7ad32824caee82087b3e2e5f33b1bf32,ibitinga,SP,144,1.29,1.87
7ade73f1b9b4e965f9009a4c3a7e2c15,bauru,SP,26,2.47,2.69
7b07b3c7487f0ea825fc6df75abd658b,sao paulo,SP,90,1.61,1.95
7b0df942f46435babab05d49b744b2c4,braganca paulista,SP,32,1.72,2.18
7b1222c3624aa89b9558b50a2594188c,sao jose do rio preto,SP,22,4.71,5.21
7b7f91e98f8c6def45a1407923304402,osasco,SP,11,2.99,4.43
7bac63f6603d382cc8d0832eb6c100a8,sao paulo,SP,19,2.38,2.66
7c1fea10b5b006671d608b1d7c446ec4,boituva,SP,12,2.55,3.62
7c4618c82226628831613e95e9c22f44,sao roque,SP,12,1.46,2.87
7c5b05cbdb5542049f38d90d7815b97d,sao paulo,SP,21,1.89,2.91
7c67e1448b00f6e969d365cea6b010ab,itaquaquecetuba,SP,966,11.35,11.94
7d13fca15225358621be4086e1eb0964,ribeirao preto,SP,555,3.39,3.82
7d456afc660226829370f3173d14520c,mogi das cruzes,SP,54,1.21,1.93
7d76b645482be4a332374e8223836592,sao paulo,SP,172,3.52,3.9
7dc8c42cc750eeafea6c85712ffee9bf,sao paulo,SP,40,2.13,3.51
7ddcbb64b5bc1ef36ca8c151f6ec77df,sao paulo,SP,325,2.05,2.46
7e1fb0a3ebfb01ffb3a7dae98bf3238d,franca,SP,154,1.19,1.62
7e26c750b4cb9f6766f58265ff9ebe95,belo horizonte,MG,23,1.85,2.14
7e3f87d16fb353f408d467e74fbd8014,sao paulo,SP,91,2.01,2.38
7e93a43ef30c4f03f38b393420bc753a,barueri,SP,318,1.96,2.84
7ea5bfa6c340f58f8e71fc1f0412b0d6,belo horizonte,MG,92,2.04,2.28
7ecd59e5e20407131822c1a68ac59c1f,brasilia,DF,24,8.99,8.09
7f152321c60a266edc53af1925ef96c1,criciuma,SC,19,2.45,3.99
7f2617c58d5d06806987308b45654351,sao paulo,SP,22,2.12,2.32
7f7b8245c336066a1f9933c359f11d77,mogi mirim,SP,38,3.76,3.37
7fc87cc3e89b3d1d5cabdca32f8485aa,guarulhos,SP,14,15.24,15.3
7ff588a03c2aeae4fbd23f9ae64b760d,guarulhos,SP,12,0.63,0.53
808d4348b916efa08e766ebad39f61eb,sao paulo,SP,20,2.17,2.69
8090490573c6c0aa343a7231ebcb8c86,sao paulo - sp,SP,26,1.58,1.65
80e6699fe29150b372a0c8a1ebf7dcc8,pinhais,PR,95,1.83,2.04
813348c996469b40f2e028d5429d3495,jundiai,SP,170,1.48,1.99
81336a0f57a33776419727a300249e90,sao carlos,SP,15,8.15,8.3
8160255418d5aaa7dbdc9f4c64ebda44,ibitinga,SP,368,2.6,3.98
817245bcc3badd82bbd222e0366951a6,bauru,SP,28,1.03,1.18
817f85dbb65aa3e70831d90fe75cdf89,tiete,SP,11,23.44,14.67
81a1104df0f08b59c68aa5b03cfe398e,sao jose dos pinhais,PR,72,2.02,2.43
81f89e42267213cb94da7ddc301651da,presidente prudente,SP,45,1.98,2.67
820cc752a266cdc6c1a1e61dd4583330,maringa,PR,15,1.99,5.39
821fb029fc6e495ca4f08a35d51e53a5,sao paulo,SP,24,1.67,2.11
822166ed1e47908f7cfb49946d03c726,tres rios,RJ,67,3.02,3.69
822bad9bc42b51213ba522fe87b7ab5d,balneario camboriu,SC,17,5.48,5.85
827f8f69dfa529c561901c4f2e0f332f,curitiba,PR,91,4.91,5.79
82bd0703a4aefd6b599e5bfdaed378fb,marilia,SP,19,2.97,4.66
82cb9f452fe8334df74b22d37824b431,caxias do sul,RS,13,1.83,2.59
82e0a475a88cc9595229d8029273f045,sao paulo,SP,41,3.31,3.85
834f3294fba9f932f56edc879193f925,araraquara,SP,65,2.89,3.13
834f8533b2ecb6598dd004ff3de7203a,sao paulo,SP,40,5.38,7.49
835f0f7810c76831d6c7d24c7a646d4d,sao paulo,SP,41,8.68,9.84
83645b1645cdee8953ee54c29ceed564,santa terezinha de itaipu,PR,14,1.09,1.19
83deb69e889cf80f82be1dc6d5f2d486,florianopolis,SC,40,4.52,5.12
83e197e95a1bbabc8c75e883ed016c47,mage,RJ,46,1.46,1.98
8444e55c1f13cd5c179851e5ca5ebd00,congonhal,MG,91,7.98,10.91
845e8036c3f7bf62099352f5ed910240,rio de janeiro,RJ,21,1.72,1.68
8476243f92442881ddd5b578975cf115,campo bom,RS,12,4.39,5.18
850913d59ce317156b00f3705f1c3edb,atibaia,SP,28,5.41,5.72
850f4f8af5ea87287ac68de36e29107f,sao paulo,SP,184,1.14,1.43
851773c885feb5e2da3b4f82bc2b17ce,lencois paulista,SP,10,1.01,1.56
855668e0971d4dfd7bef1b6a4133b41b,itatiba,SP,298,3.85,6.29
8581055ce74af1daba164fdbd55a40de,guarulhos,SP,378,2.82,3.09
85d9eb9ddc5d00ca9336a2219c97bb13,belo horizonte,MG,498,5.99,7.19
8602a61d680a10a82cceeeda0d99ea3d,sao paulo,SP,14,1.61,2.13
8603f0038fe0e52fedd3382d266723de,garopaba,SC,10,9.6,13.04
8629c241b3622ac12cd4118afdc8d394,ribeirao preto,SP,13,2.73,3.17
863d2ebcd347ce4922de7a0f9a5581d6,rio de janeiro,RJ,17,1.2,1.79
8648b1e89e9b349e32d3741b30ec737e,jacarei,SP,91,1.16,1.43
86bb7c4b535e49a541baf3266b1c95b1,franca,SP,16,3.3,4.46
86ccac0b835037332a596a33b6949ee1,blumenau,SC,170,2.56,2.85
870d0118f7a9d85960f29ad89d5d989a,pocos de caldas,MG,44,2.18,2.62
87142160b41353c4e5fca2360caf6f92,porto alegre,RS,302,2.11,2.98
87b740daf17b5d1be335a64164ec6842,suzano,SP,10,3.44,4.76
87d30a6a0cbf89356e49324971ab1d24,sao paulo,SP,17,2.48,2.38
87d3c3aeb3ead335511b3ce315eb341e,sao paulo,SP,14,0.93,1.45
88460e8ebdecbfecb5f9601833981930,maringa,PR,236,6.83,8.07
888faa8bfb0b159c37de6d898b961c31,braco do norte,SC,17,1.11,1.27
88cf19ec1fc2c58f161aee259d57142c,sao carlos,SP,14,1.01,1.56
891071be6ba827b591264c90c2ae8a63,sao paulo,SP,84,2.59,3.95
8931a84a914b3fe9b1ddaa4d704947ca,sao paulo,SP,29,3.76,4.31
897060da8b9a21f655304d50fd935913,ribeirao preto,SP,302,2.73,3.25
89a51f50b8095ea78d5768f34c13a76f,brasilia,DF,10,1.3,1.56
89bc797e2e29667aa035d4368f9b7f92,sao paulo,SP,16,4.74,8.62
89f69225956f951295ca4c7fb1266553,vassouras,RJ,11,2.44,2.43
8a130737016f838139d31878787a39c9,sao paulo,SP,56,1.98,2.39
8a2d12a90e92f012ce5226fc6592b653,curitiba,PR,18,2.22,2.44
8a32e327fe2c1b3511609d81aaf9f042,sao paulo,SP,126,1.73,2.28
8a432f4e5b471f8da497d7dc517666e2,presidente prudente,SP,87,0.95,1.34
8ab42aa58097fd4668d60cc648225d5f,goiania,GO,20,2.02,3.5
8ae520247981aa06bc94abddf5f46d34,navegantes,SC,62,0.91,1.42
8b2492b7ff4468839593fafeed55bad9,sao goncalo,RJ,29,1.29,2.08
8b28d096634035667e8263d57ba3368c,sao jose dos campos,SP,136,2.18,2.93
8b321bb669392f5163d04c59e235e066,sao paulo,SP,926,1.95,2.42
8b8cfc8305aa441e4239358c9f6f2485,londrina,PR,15,2.72,2.94
8b9d6eec4a7eb7d0f9d579ce0b38324d,mesquita,RJ,47,1.84,2.29
8bb48dc19fccaa8613b6229bf7f452a2,assis,SP,81,1.69,2.27
8bd0f31cf0a614c658f6763bd02dea69,sao paulo,SP,32,1.45,1.85
8bdd8e3fd58bafa48af76b2c5fd71974,sao paulo,SP,10,1.28,1.52
8c16d1f32a54d92897cc437244442e1b,blumenau,SC,107,1.44,1.98
8ca1551acf9832a4cf467bbbac15851f,campo largo,PR,11,3.67,3.61
8cbac7e12637ed9cffa18c7875207478,jaragua do sul,SC,66,2.18,2.58
8cc6a0e5738e61a87b03c78b2ba9db4b,andradas,MG,23,1.7,1.73
8d79c8a04e42d722a75097ce5cbcf2ef,caucaia,CE,25,1.53,2.55
8d956fec2e4337affcb520f56fd8cbfd,sao bernardo do campo,SP,209,1.2,1.77
8daab2245ebdc277c51098d01c5ad8ef,sao paulo,SP,16,1.93,2.02
8e2b3afb420011ef0c88c9d5f11ea526,campinas,SP,11,1.87,3.07
8e6cc767478edae941d9bd9eb778d77a,araguari,MG,100,5.04,6.23
8e6d7754bc7e0f22c96d255ebda59eba,sao jose dos campos,SP,79,4.72,5.43
8e8a7ce9f2f970dc00e2acf6f6e199f6,sao goncalo,RJ,63,1.73,2.03
8ed8ea9a57c862f2c18c2fe41f601d56,blumenau,SC,19,1.94,2.08
8f119a0aee85c0c8fc534629734e94fd,barueri,SP,74,3.59,3.51
8f2ce03f928b567e3d56181ae20ae952,pirituba,SP,151,3.09,3.59
8f54d64f28a993550aa7943f12572959,ipatinga,MG,15,1.44,1.98
8f78f0903005064036736c7173a5c2ed,tiradentes,MG,13,7.48,7.06
8fdca8e349553f99bc738833a62c8802,sao paulo,SP,22,1.62,2.34
8ff1a9df749e454105c55cda13e79143,marilia,SP,12,4.78,4.71
900ba814c251a692506d7834c1218441,salto,SP,85,4.03,4.08
903037660cf848a717166eb7a06d616e,sao paulo,SP,42,2.24,3.23
916748bc99315c2d202898ae58b1617e,sorocaba,SP,25,4.12,4.25
916c9de0b5ad957346eeeb12f332687e,curitiba,PR,22,1.01,1.66
91f0eec23d4a61d7d7caeefa3f0ad1ca,tubarao,SC,11,1.4,1.78
91f848e9f4be368f4318775aac733370,sao paulo,SP,60,1.26,1.76
921323538c9f1c4e816f2720eac02bea,sao paulo,SP,14,1.62,2.04
92eb0f42c21942b6552362b9b114707d,sao paulo,SP,330,5.42,5.64
93b9a99027bd8bd6af682aff18dd19bf,mairipora,SP,18,4.06,4.34
93dc87703c046b603023e75222018b45,belo horizonte,MG,32,8.67,8.74
94144541854e298c2d976cb893b81343,viamao,RS,68,3.93,5.8
94e93ce877be27a515118dbfd2c2be41,votuporanga,SP,29,2.53,3.14
951e8cef368f09bb3f3d03c00ca4702c,ibitinga,SP,60,1.78,2.14
955fee9216a65b617aa5c0531780ce60,sao paulo,SP,1253,1.84,2.21
9596c870880d900012f2e8e6e30d06d7,varginha,MG,21,2.53,2.68
95e03ca3d4146e4011985981aeb959b9,rio de janeiro,RJ,169,1.84,2.2
95ec4458365c4d11f452ccf538377619,limeira,SP,26,2.28,2.92
95f83f51203c626648c875dd41874c7f,borda da mata,MG,48,3.22,4.05
960945e1a9535cbc0cd6ddd35fbe7ae8,sao paulo,SP,28,1.3,1.65
9616352088dcf83a7c06637f4ebf1c80,umuarama,PR,91,2.98,3.7
9646c3513289980f17226a2fc4720dbd,sao jose dos campos,SP,69,1.98,2.31
96493fab2fbb13a14d0c0e8772eef5c3,sao paulo,SP,63,4.69,4.71
966cb4760537b1404caedd472cc610a5,diadema,SP,66,1.72,2.19
9674754b5a0cb32b638cec001178f799,sao paulo,SP,83,1.69,2.12
96804ea39d96eb908e7c3afdb671bb9e,ibia,MG,36,2.42,3.06
968268a686aa05d1f529fb07dff08130,sao paulo,SP,12,2.31,2.14
972d0f9cf61b499a4812cf0bfa3ad3c4,brusque,SC,76,4.82,5.04
974cf2cb8f4b7add98709c30df02fe10,araraquara,SP,29,0.91,1.1
97512d3fc193b2d1dfcdba0f9d1f0f8a,sao paulo,SP,12,3.48,3.43
977f9f63dd360c2a32ece2f93ad6d306,tabatinga,SP,19,3.21,3.3
9803a40e82e45418ab7fb84091af5231,rio verde,GO,11,3.15,3.41
980640c45d7a4635885491d077167e4d,rio claro,SP,14,1.99,2.31
985c92cc412091f8529c12d7f23d3fef,sao joao del rei,MG,12,1.09,1.65
989becdce12ebc39863c2bceab6f3ca1,curitiba,PR,15,1.88,3.05
98dac6635aee4995d501a3972e047414,sao paulo,SP,88,3.04,3.71
99002261c568a84cce14d43fcffb43ea,cuiaba,MT,36,6.03,6.27
9906e7aa42a3c067b7c9a564d01c4320,maringa,PR,12,0.93,1.31
994f04b3718c2bab35c2adfa8afecd2a,jaguariuna,SP,46,3.3,3.94
99a54764c341d5dc80b4a8fac4eba3fb,sao paulo,SP,43,1.7,2.19
99eaacc9e6046db1c82b163c5f84869f,franca,SP,63,2.68,3.89
9a84ba99f5367fdbd4598363496f1ea2,luziania,GO,15,0.92,1.58
9add47bf45ce8e8c7db6b9cf670b1e09,fazenda rio grande,PR,41,2.28,3.12
9b00ed88b7fdb95d6ff76e27c1b52d16,sao paulo,SP,46,2.16,2.35
9b013e03b2ab786505a1d3b5c0756754,vicente de carvalho,SP,168,2.09,2.65
9baf5cb77970f539089d09a38bcec5c3,indaiatuba,SP,31,7.44,8.45
9bcdfa7b615b3abb9461d9e3ad9886ae,blumenau,SC,14,2.19,2.97
9c068d10aca38e85c50202e17b4a7e88,coxim,MS,15,5.37,6.22
9c0e69c7bf2619675bbadf47b43f655a,sao jose dos campos,SP,145,3.98,5.34
9c690ceacd5c66731bf443ea810195cb,camanducaia,MG,10,0.97,1.64
9d39404483343dd55c7ae254494d8388,sao paulo,SP,10,3.55,4.07
9d4db00d65d7760644ac0c14edb5fd86,sorocaba,SP,97,1.12,1.4
9d5604a1f112324ad6b2aa552122e0fb,florianopolis,SP,13,1.78,1.86
9d5a9018aee56acb367ba9c3f05d1d6a,aparecida de goiania,GO,66,4.31,4.21
9d681c7e12db302cb261e721040dde65,curitiba,PR,13,2.02,2.53
9d7a1d34a5052409006425275ba1c2b4,franca,SP,13,4.97,4.81
9dd59e43f0c9f0553244e8f9c2fb247e,foz do iguacu,PR,10,1.69,2.59
9dda5bbacd45e18d6485fee649205d09,santa rita do sapucai,MG,17,6.43,6.54
9de4643a8dbde634fe55621059d92273,joinville,SC,72,3.05,3.27
9df5750209b83567ec144eb299d7d634,sao leopoldo,RS,11,3.47,4.89
9e6229250fedbe05838fef417b74e7fb,mirandopolis,SP,68,3.26,3.63
9f50216bfd01913736a55a11b55ea842,taubate,SP,17,1.93,3.7
9f505651f4a6abe901a56cdc21508025,sao paulo,SP,388,1.06,1.41
a066df7361163e7ddc5d7452dd17448b,franca,SP,15,1.82,1.94
a1043bafd471dff536d0c462352beb48,ilicinea,MG,695,1.74,1.97
a13580f0e8f782b7a543885a0ef99f08,rio de janeiro,RJ,10,6.09,5.05
a1474fd46fd3430168f7ec202da39408,pinhais,SP,12,1.33,1.86
a17f621c590ea0fab3d5d883e1630ec6,sorocaba,SP,61,1.5,2.01
a23266650e7c84bb93fbbba502137478,porto alegre,RS,11,1.42,1.99
a2b5b6105ea5942300631d2e76f4ffe0,osasco,SP,16,2.31,2.47
a2deecd5398f5df4987110c80a1972a3,sao paulo,SP,12,1.03,1.57
a2e874074c877c5a05abae80ad6e488f,sao jose do rio preto,SP,40,7.95,10.86
a369d693961cb93b61ca2cc518872a85,sao jose do rio preto,SP,11,3.09,3.28
a36b125ac6d5fdbc7f50de85c9157bdc,ribeirao preto,SP,23,3.45,3.28
a3a38f4affed601eb87a97788c949667,joinville,SC,249,1.39,1.78
a3dd39f583bc80bd8c5901c95878921e,salvador,BA,34,1.65,2.21
a3e9a2c700480d9bb01fba070ba80a0e,ibitinga,SP,119,2.62,2.8
a3f0b55de503387383c7b1de3ad7f678,curitiba,PR,23,2.16,2.39
a416b6a846a11724393025641d4edd5e,sao paulo,SP,157,2.53,3.27
a420f60ff1aa9acc80d0e42959f2b313,sao paulo,SP,66,1.07,1.48
a425f92c199eb576938df686728acd20,curitiba,PR,16,10.3,10.36
a44fb5a447105f8469bdf16bf9159f25,porto alegre,RS,19,2.67,4.87
a49928bcdf77c55c6d6e05e09a9b4ca5,sao paulo,SP,94,6.42,7.36
a5a1bfcf728ab0e19182959cf0771ee4,socorro,SP,19,1.16,1.66
a5cba26a62b8b4d0145b68b841e62e7f,campo mourao,PR,53,3.56,4.17
a673821011d0cec28146ea42f5ab767f,sao paulo,SP,122,3.21,4.25
a6bd7d1ccdac48c6b33b28596b7eb122,mamanguape,PB,14,3.34,4.53
a6fe7de3d16f6149ffe280349a8535a0,franca,SP,50,3.17,4.21
a7f13822ceb966b076af67121f87b063,itaquaquecetuba,SP,73,10.76,11.17
a8739afb32aaa45e01815ca76f76f54b,sao bernardo do campo,SP,13,2.42,2.1
a888faf2d1baececa6baf9c3d603ee1f,umuarama,PR,53,6.27,6.86
a938325a4b357fd23a6a4d5bb126408e,nilopolis,RJ,23,2.96,4.11
aac29b1b99776be73c3049939652091d,uberlandia,MG,93,1.37,3.08
aac51c486b672a9850d59f3e84b1cf88,sao paulo,SP,10,0.94,1.21
aae3bfea055532c57fb453ed3ec80b30,santo andre,SP,48,2.94,3.55
aaed1309374718fdd995ee4c58c9dfcd,timbo,SC,103,1.51,1.94
aafe36600ce604f205b86b5084d3d767,sao jose,SC,128,1.7,2.12
aba1721a889e04decc910aa13b768ef4,sao paulo,SP,82,1.35,1.74
abc015ebac1d283a323ca9db35ede4b9,ribeirao preto,SP,12,2.09,2.12
abcd2cb37d46c2c8fb1bf071c859fc5b,cuiaba,MT,42,1.58,2.33
abe42c5d03695b4257b5c6cbf4e6784e,rio de janeiro,RJ,49,1.86,1.94
ac3508719a1d8f5b7614b798f70af136,canoas,RS,100,1.13,1.45
acadd4d36859671cb635527c6c977533,santa rosa de viterbo,SP,12,3.28,3.19
acb6c2ca5c82411c1fdb88d5fd5eb95e,sao paulo,SP,10,3.23,3.74
acce39e832338debb07b02385cde5967,contagem,MG,43,1.04,1.28
aced59e9b31ef866a94f9e7f29d8d418,sao paulo,SP,59,2.28,2.5
ad420dd0c4f92f8af951ac24b86d0cf5,fronteira,MG,42,2.17,2.42
ad781527c93d00d89a11eecd9dcad7c1,sao jose do rio preto,SP,35,7.67,12.4
ad97a199236354e53fcd91a5a913e9a2,brusque,SC,16,5.47,5.55
adbc26658d6c7b4b6219f9d934598091,curitiba,PR,86,3.17,3.51
adcf50477d6a1f5d91bb9d54c4903cb5,claudio,MG,16,11.29,12.27
ade45994b717ccee333492330fbf037b,umuarama,PR,10,0.76,1.25
af3ef48d0e13835e529c29ac573c63e5,araraquara,SP,21,1.83,2.16
af4a0e4cfe1d9c26b6712b1be25a72e5,mateus leme,MG,20,3.57,5.41
afa6714acee029b2dfdf357e5579cc03,descalvado,SP,16,1.8,2.76
afe0067131b73e40875c9b6c10bd2e21,lagoa da prata,MG,45,3.52,3.75
b080809eaacb49e5ca07290981472431,belo horizonte,MG,11,1.45,3.85
b14db04aa7881970e83ffa9426897925,sorocaba,SP,76,5.08,5.14
b16d3dadc47d4eb18be3d88bad0775ce,estancia velha,RS,10,1.9,2.18
b17b679f4f5ce2e03ce6968c62648246,ribeirao preto,SP,50,4.07,4.6
b18dc380845b24038cfc48006478f099,diadema,SP,43,2.26,3.01
b19f3ca2ea475913750f25a5c37c8d8f,divinopolis,MG,19,9.87,12.05
b1a81260566c1bac3114a6d124413f27,carazinho,RS,47,0.77,0.94
b1aaae6b66ad3c40f54b389d7ea4bee0,sao paulo,SP,14,2.35,2.32
b1ac6ea7895bc3dd6f0f6f4abbdd2821,canoas,RS,38,2.98,3.23
b1b3948701c5c72445495bd161b83a4c,sao paulo,SP,14,18.44,15.66
b1fc4f64df5a0e8b6913ab38803c57a9,sao goncalo,RJ,101,4.23,5.1
b1fecf4da1fa2689bccffa0121953643,campo grande,MS,19,1.74,3.76
b2479f944e1b90cf8a5de1bbfde284d6,ibitinga,SP,99,2.23,2.88
b2a6d334e2833acea353624840e25a0e,sao paulo,SP,24,2.06,2.19
b2ac621f0d0322434d04a12b078b9369,curitiba,PR,29,2.97,3.29
b2ba3715d723d245138f291a6fe42594,sao paulo,SP,323,5.16,5.43
b2c97074649f92197d9387d9033dda5f,botucatu,SP,10,1.66,1.54
b32be1695eb7ec5f10f72d9610a12527,caxias do sul,RS,44,3.38,3.58
b335c59ab742f751a85db9c411a86739,araguari,MG,29,4.66,7.43
b33aaadd1a8891d2dfef0c4c3bdf0371,limeira,SP,16,1.39,1.74
b33e7c55446eabf8fe1a42d037ac7d6d,pradopolis,SP,147,2.29,2.51
b347677812ea483b0f528eaf8cbc09b7,curitiba,PR,21,2.14,2.88
b372ee768ed69e46ca8cdbd267aa7a38,sao jose do rio preto,SP,63,1.29,1.92
b39d7fe263ef469605dbb32608aee0af,ibitinga,SP,41,2.03,2.98
b410bdd36d5db7a65dcd42b7ead933b8,goiania,GO,42,1.53,1.48
b494891378bd8f4560abe576c52deacd,sao paulo,SP,19,0.81,0.93
b499c00f28f4b7069ff6550af8c1348a,limeira,SP,144,2.27,3.44
b4a476fbd28de64b1e347abf9089366a,itapevi,SP,29,3.37,3.49
b4f8921fcc4ff77b66bea6dda43dcd51,caxias do sul,RS,17,1.24,1.49
b4ffb71f0cb1b1c3d63fad021ecf93e1,sao paulo,SP,140,1.28,1.74
b55638ad525e906c698fa2ce742c1742,imbituba,SC,11,11.54,10.71
b561927807645834b59ef0d16ba55a24,sao paulo,SP,84,3.08,3.82
b56906f7fd1696e043f1bcce164c487b,echapora,SP,40,1.99,3.55
b5e3e38609125694d2ea2417522a60b7,florianopolis,SC,16,1.64,3.27
b64d51f0435e884e8de603b1655155ae,garulhos,SP,17,1.93,2.62
b6d44737c043328708f6749c2dbe50bd,santo andre,SP,59,1.2,1.86
b6e1504972665f739dec4facb9943775,piracicaba,SP,14,1.25,1.47
b74d1c09cb380e1d03a6f859c6f4224b,rio de janeiro,RJ,29,1.14,1.65
b76dba6c951ab00dc4edf0a1aa88037e,sao paulo,SP,157,1.79,2.25
b839e41795b7f3ad94cc2014a52f6796,sao caetano do sul,SP,32,1.43,1.91
b83cedfb587e7911540e3f576d6917ce,sao paulo,SP,24,1.95,2.68
b8555308bfdb4ca1ed54325a58da9a97,sao bernardo do campo,SP,26,1.96,2.22
b8630e1121437d41cb08e3c749c2c2e2,duque de caxias,RJ,12,2.99,3.09
b8bc237ba3788b23da09c0f1f3a3288c,itajai,SC,45,1.1,1.48
b90e891671cffd9557f33a97dc523645,sao jose dos pinhais,PR,33,1.11,1.37
b92e3c8f9738272ff7c59e111e108d7c,uba,MG,61,3.6,5.53
b94cc9f10ddc85e4ba73a6f7974e7101,macae,RJ,39,2.12,2.35
b9a03475e6447e631b6799ec8274800f,formosa do oeste,PR,10,1.02,1.28
b9ca8e8baa5d4aa038394a700f63e69f,sao paulo,SP,14,1.83,2.02
ba143b05f0110f0dc71ad71b4466ce92,sao paulo,SP,83,1.96,3.06
ba5daa4041e1f15cdf34b76e3e18a450,sao paulo,SP,15,1.14,1.74
ba90964cff9b9e0e6f32b23b82465f7b,guarulhos,SP,38,0.98,1.21
bacb1f0ed56ad24198f5810d2b3fe9a5,jacarei,SP,37,1.14,1.71
bb135baca94c82fcb731335ad5b04a03,sao paulo,SP,17,1.91,3.6
bb5bd94c8f59cc050072d2930c869cac,sao paulo,SP,14,5.52,5.83
bb7a14e229b1c95156719c3d9552eeee,rio de janeiro,RJ,10,1.39,4.48
bba3293d6f5d5af2f415e004e8b93ae3,sao paulo,SP,17,3.01,2.73
bba74270a87732727b5a3b4fd9ac1c39,betim,MG,35,1.88,2.31
bbad7e518d7af88a0897397ffdca1979,sao paulo,SP,66,5.07,5.05
bbaff50f3b708fda865918715276cd87,atibaia,SP,11,1.86,3.36
bbf9ad41dca6603e614efcdad7aab8c4,fortaleza,CE,14,0.97,1.54
bc07d855eac23aab5ac8a120f21d16b2,mogi das cruzes,SP,11,1.34,2.47
bc2ac6b95e1accce9858528ee566c17e,campinas,SP,18,0.87,1.09
bc302730ea8cf49b5c74f579febb5bbf,campinas,SP,11,1.94,2.42
bc47d5d1490df2b36add65d733eafaba,santo andre,SP,19,1.95,2.48
bccf933e006e9b94a6184af782963e77,assis,SP,45,1.24,1.98
bce6a5ecf98e99fd2a8868b15c51f04b,guarulhos,SP,14,4.54,4.54
bd0389da23d89b726abf911cccc54596,brasilia,DF,87,1.27,1.75
bd15ee794d5e640d9dd71b665b2ab15b,ribeirao preto,SP,12,2.03,5.2
bd1d49a326abfa9b1036772e40445430,bauru,SP,12,3.2,3.65
bd23da7354813347129d751591d1a6e2,sao paulo,SP,83,1.91,2.39
bd4889b5e9133b35b66e42a8665cea5c,sao paulo,SP,35,2.31,2.53
bd697db56ff8e7c9cd1abeb7f72029b2,sao paulo,SP,20,2.23,2.59
be8e909810184b9b19e886129149d8e5,piracicaba,SP,15,1.35,1.75
beadbee30901a7f61d031b6b686095ad,guarulhos,SP,63,3.43,7.59
bf00385a5f7fc1ef39a13c2e9ee50a5f,sao paulo,SP,28,1.25,2.11
bf100ecb7997df312b285358fb32f92c,sao jose dos pinhais,PR,20,2.55,3.18
bf3c6d2a28b2b5501e6c15448982dcc9,sao paulo,SP,35,1.29,1.64
bf84056e679dbe9c69929847a40e338f,sao paulo,SP,35,3.93,4.14
bfd27a966d91cfaafdb25d076585f0da,serra negra,SP,114,1.84,2.3
c003204e1ab016dfa150abc119207b24,cajamar,SP,194,1.22,1.71
c013e57c075a06e5b5c48ee03c525719,sao carlos,SP,41,1.34,1.6
c0563dd588b775f2e37747ef6ad6c92c,santo andre,SP,27,2.96,2.97
c12b92bf1c350f3e6bf88d3596219c86,garca,SP,16,1.02,1.7
c26a2be5b53b7db6b276280da212a779,nova friburgo,RJ,13,4.88,4.68
c273175f7c6c80fb02f051e2fc6d0d72,sao paulo,SP,14,3.52,3.77
c2d70ce2c5d0a2eb75e78668236e6dc8,sao paulo,SP,13,1.72,1.97
c31eff8334d6b3047ed34bebd4d62c36,salto,SP,117,5.1,5.65
c33847515fa6305ce6feb1e818569f13,brusque,SC,110,1.77,1.98
c35672b10ad50968f567ea3f4b91e877,mesquita,RJ,18,2.39,2.44
c37b2059d4f90d4feead554e5246565e,sao paulo,SP,11,4.11,6.69
c3867b4666c7d76867627c2f7fb22e21,guara,SP,225,1.98,2.9
c3acdfac4e3e97ff87529454fbc03642,sao paulo,SP,12,4.7,6.39
c3cfdc648177fdbbbb35635a37472c53,curitiba,PR,273,1.39,1.78
c3e1abd72a42fe690fcd89cf5720fe29,mogi guacu,SP,13,0.85,1.25
c4d51195486dc781531876a7d00453d8,presidente prudente,SP,17,4.51,6.01
c4fabeea6e569d42d02993bb1f4f1cbc,fortaleza,CE,11,5.18,5.25
c4fb51fb1c5b7c07bc5e67be6e7e8f6e,curitiba,PR,15,3.09,4.37
c510bc1718f0f2961eaa42a23330681a,indaiatuba,SP,12,1.24,1.63
c5f7feb04a6a1fb3596322bfc3cf1917,sao caetano do sul,SP,10,1.88,2.01
c60b801f2d52c7f7f91de00870882a75,guarulhos,SP,38,6.63,7.47
c6381d2d013342748761e906d45aff76,portao,RS,15,6.91,6.04
c66dccfb3f109511246da627dd5a2498,registro,SP,43,1.12,1.64
c679fb69a36e1d8349e8c50a217b4d58,caxias do sul,RS,14,4.83,4.89
c68fb906c8f4b4b946d8386bfa6e5467,jaboticabal,SP,45,1.17,1.47
c6a7539d424a8402232c2228d7a03c5e,sao paulo,SP,10,4.64,4.68
c6bda72e4dbf5c5866b13cb1810c6d03,sao paulo,SP,57,1.04,1.92
c70c1b0d8ca86052f45a432a38b73958,hortolandia,SP,259,2.94,3.3
c72de06d72748d1a0dfb2125be43ba63,guanambi,BA,21,0.99,1.29
c731d18cea9bf687ffee82a241c25b11,concordia,SC,23,1.31,1.42
c794dab4928dd97beb41d05514441e86,artur nogueira,SP,16,1.97,2.34
c826c40d7b19f62a09e2d7c5e7295ee2,guarulhos,SP,345,2.16,2.73
c8417879a15366a17c30af34c798c332,sao paulo,SP,25,1.22,1.75
c84592044b180dec206770c38603814b,sao paulo,SP,14,1.87,2.41
c8467937e403e76a8ee9f0ab13f6f5ef,pocos de caldas,MG,30,4.13,4.3
c847e075301870dd144a116762eaff9a,uberaba,MG,41,1.94,1.87
c864036feaab8c1659f65ea4faebe1da,campo largo,PR,58,1.37,1.59
c89cf7c468a48af70aada384e722f9e2,petropolis,RJ,14,2.06,3.54
c8b0e2b0a7095e5d8219575d5e7e1181,itaquaquecetuba,SP,81,1.02,1.33
c8b3445d737de6befde0c88ede534a5e,sao paulo,SP,30,2.12,2.57
c9a06ece156bb057372c68718ec8909b,brasilia,DF,11,2.68,3.04
c9aafcd0621b2207c10e32c649cada4d,sao paulo,SP,39,2.66,2.91
c9c7905cffc4ef9ff9f113554423e671,itapecerica da serra,SP,125,1.78,2.03
ca3bd7cd9f149df75950150d010fe4a2,sao paulo,SP,68,5.19,6.21
ca4b77513ac2040591b0d8fae6958380,sando andre,SP,14,2.25,2.2
caa9bc43a9fe8cf9c564ddd8a03cc4a6,jacarei,SP,13,1.94,2.65
cab85505710c7cb9b720bceb52b01cee,sao paulo,SP,200,2.36,3.08
cac4c8e7b1ca6252d8f20b2fc1a2e4af,indaiatuba,SP,71,5.04,6.14
cac876b37d3abcd6bd76caca30277996,cascavel,PR,26,1.25,1.68
cb3dd9ce66268c7a3ca7241ac70ab58c,sao paulo,SP,48,4.53,5.11
cb41bfbcbda0aea354a834ab222f9a59,sao paulo,SP,11,4.18,7.61
cb5df0dcb9e280b1780e9d589889f2c7,bady bassitt,SP,11,6.59,7.98
cb6c9f5888a7a090c75beaf615925792,vila velha,ES,10,1.16,1.1
cb8bcce248bb1fb274ba762d8b971456,santa rita do sapucai,MG,65,1.34,1.91
cbd996ad3c1b7dc71fd0e5f5df9087e2,sao jose do rio preto,SP,159,1.43,2.03
cbf09e831b0c11f6f23ffb51004db972,sbc/sp,SP,10,0.84,1.78
cc3d14116804f7209f3884f6367f1152,curitiba,PR,26,2.31,3.07
cc419e0650a3c5ba77189a1882b7556a,santo andre,SP,1648,2.56,2.85
cc5a78bbad32776dc4e3af205218368c,divinopolis,MG,31,1.21,1.59
cc63f0dd2acba93ffed4fe9f8e0321fa,sao jose do rio preto,SP,55,1.62,2.02
cca3071e3e9bb7d12640c9fbe2301306,ibitinga,SP,675,3.21,3.95
ccb83a794700270fde70898fe9ff368b,sombrio,SC,12,1.73,1.93
ccc4bbb5f32a6ab2b7066a4130f114e3,curitiba,PR,183,2.68,3.34
cce6ab8d1682639fe45ab70234f1665f,curitiba,SP,61,5.42,7.01
ccf8813e5a7d6c84d865cd38bfc2b130,taubate,SP,25,1.89,2.06
cd06602b43d8800bd0afad514919d35c,sao paulo,SP,41,3.82,4.25
cd3d09fbe6e3e9ff0c0ac0c300e93ae7,nova odessa,SP,12,2.35,1.93
cd68562d3f44870c08922d380acae552,ribeirao preto,SP,122,3.1,3.68
cd6efc47efaabf134f8bdb654e10b4f1,rio de janeiro,RJ,29,0.86,1.47
cda598c48d7c614bc1cad7d8ff6f0010,mirassol,SP,16,0.95,1.25
ce248b21cb2adc36282ede306b7660e5,jaragua do sul,SC,64,2.25,2.34
ce27a3cc3c8cc1ea79d11e561e9bebb6,sao paulo,SP,121,1.82,3.22
ce616e1913288884e7742faac9d981db,cotia,SP,13,2.05,2.01
ce69a8021d18961dd2a40269b7c2c293,curitiba,PR,18,1.09,1.58
ce7d1888639e6fb06b2749cbfdac1ff7,baependi,MG,77,2.58,2.54
cea729054f157f5870bdd321a958d994,sao paulo,SP,23,1.04,1.45
ceaec5548eefc6e23e6607c5435102e7,sao paulo,SP,197,2.87,3.18
cee48807215b30a12ca2ca10ffb5f250,guaruja,SP,38,13.34,12.2
cf2384dd2f1dddea3f838efed0945e65,serra negra,SP,16,4.12,3.42
cfa5ab0e4d3fc212fd0b3410e7081c62,uba,MG,14,2.67,3.76
cfb1a033743668a192316f3c6d1d2671,votorantim,SP,133,2.82,3.93
cfd7ddab722b902f7ac5b5f3ba6d723d,contagem,MG,12,0.71,0.87
cfe94489ddd337d1e29e12f2a7205d10,sao paulo,SP,20,2.04,2.22
d03698c2efd04a549382afa6623e27fb,ilheus,BA,18,1.16,3.04
d05ae8f7a5bd1d2a690a44cd079e4e27,rio de janeiro,RJ,75,2.14,2.57
d06d019f72a04e5497a0b64190af170c,cotia,SP,17,1.4,2.22
d101c6da914ae3d53f7bee42283f2fe2,sao paulo,SP,13,2.11,3.59
d12c926d74ceff0a90a21184466ce161,sao paulo,SP,75,1.25,1.75
d13e50eaa47b4cbe9eb81465865d8cfc,santo andre,SP,65,0.93,1.54
d17f467e4bf608a510c20d82f4ba3b6b,caxias do sul,RS,11,5.35,5.48
d1b65fc7debc3361ea86b5f14c68d2e2,mogi guacu,SP,39,1.03,2.18
d1b9d4be4b6f9ebd85f8acd6745ba612,nova lima,MG,10,3.33,4.46
d1c281d3ae149232351cd8c8cc885f0d,ibitinga,SP,202,1.76,2.13
d1c7fa84e48cfa21a0e595167c1c500e,jacutinga,RS,11,1.89,2.06
d1ef48b38baca7e831711c4a0aeb398f,apucarana,PR,28,1.28,1.78
d20b021d3efdf267a402c402a48ea64b,ibitinga,SP,78,3.08,4.02
d23019c84ffae2d5ef2270367b8605fc,londrina,PR,39,2.23,2.68
d2374cbcbb3ca4ab1086534108cc3ab7,ibitinga,SP,497,4.1,4.67
d25aa0aaacb370e912f8cf6efeba38b3,massaranduba,SC,16,1.18,1.45
d2e753bb80b7d4faa77483ed00edc8ca,porto seguro,BA,13,3.04,2.59
d32e3909cfb714fb2a6cb092c85b9c5f,jundiai,SP,10,7.78,11.15
d354c38a7182125a748cb10474fe963b,aperibe,RJ,17,5.18,4.94
d3674f271c91f824f82d24d92011f669,brasilia,DF,20,1.67,1.97
d379f449f2a3b271bc01c0782020f705,divinopolis,MG,28,2.12,2.25
d3f39f05462b79a4562d35893a28f159,mococa,SP,32,1.47,1.64
d4910f1cdcfdabd48d6b316e395d4a23,santo andre,SP,11,2.77,2.5
d4e12e7884759a14fa0f5f896c791cae,sao paulo,SP,29,1.58,2.14
d4e4b5192cba4e0e66eb12a9d347239d,toledo,PR,11,3.64,3.18
d4f117125b59ce73c3302f88ee40c458,sao paulo,SP,17,1.7,1.97
d4ffeb15b67e81ff9af2b4252d99fb7e,atibaia,SP,11,1.62,1.79
d50d79cb34e38265a8649c383dcffd48,sao paulo,SP,69,1.96,2.34
d51e0a403fe2e689ece6c73359d96e12,pompeia,SP,18,2.13,2.88
d566c37fa119d5e66c4e9052e83ee4ea,sao paulo,SP,63,0.99,1.43
d57e18d5f73c7ccb7f7339b61166898d,sao paulo,SP,60,1.22,1.83
d5ba419e26d246a0719437cf37d9b46d,sao paulo,SP,33,2.11,2.46
d624126b9206f595fb3fbb6ba03b28a8,curitiba,PR,23,2.28,2.68
d650b663c3b5f6fb392b6326366efa9a,cotia,SP,56,1.41,1.79
d66c11a9572221d92fbb8c4897db5f9b,rio de janeiro,RJ,16,1.73,1.9
d66c305afaec317ebee552073a674429,ribeirao das neves,MG,38,1.69,3.28
d673a59aac7a70d8b01e6902bf090a11,ibitinga,SP,75,1.82,2.23
d6ab728cf30867cf3f1a2e216ae2f9b7,sao paulo,SP,12,1.87,1.98
d6b1ce66b035a475f00c017792ff9769,salto,SP,90,2.62,2.8
d71d863e5ef30d94e440c11be17dcd8f,osasco,SP,22,6.49,11.0
d8c7ba53e7e38711eaef8c2849d6d2e1,floresta,PR,22,1.8,1.9
d91fb3b7d041e83b64a00a3edfb37e4f,praia grande,SP,524,2.13,3.14
d921b68bf747894be13a97ae52b0f386,formiga,MG,75,0.87,1.45
d93844a9c55ba7ce353388bcf849ea56,curitiba,PR,12,6.07,6.16
d93919c944be9cff128f6c9cb899eacb,mombuca,SP,33,4.85,5.59
d9442042130b7fe579d1295f9f4a248f,sao paulo,SP,19,4.11,4.56
d94a40fd42351c259927028d163af842,baependi,MG,95,2.67,2.92
d97df38225e5abadaff1e72cb72b823c,sao caetano do sul,SP,28,1.2,1.99
d98eec89afa3380e14463da2aabaea72,porto alegre,RS,167,1.88,2.55
d9a84e1403de8da0c3aa531d6d108ba6,sao paulo,SP,53,1.08,1.34
d9bd94811c3338dceb4181f3dbc0c73e,sao paulo,SP,54,1.14,1.62
d9e7e7778b32987280a6f2cb9a39c57d,sao paulo,SP,10,1.67,4.36
da6a60cc8cc724fe51be021ff8be779c,sao pedro da aldeia,RJ,12,1.57,2.09
da7039f29f90ce5b4846ffc0fcc93beb,santo andre,SP,16,0.89,1.49
da8622b14eb17ae2831f4ac5b9dab84a,piracicaba,SP,1295,2.13,2.71
daeb5653dd96c1b11860f72209795012,belo horizonte,MG,37,2.06,2.55
db2956745b3a8e9f3785c99f34b5d25e,sao sebastiao,SP,44,6.98,7.42
db4350fd57ae30082dec7acbaacc17f9,sao paulo,SP,132,1.97,2.35
db46ca7bce82b11f7e247539271fc390,rio de janeiro,RJ,16,1.87,2.39
dbb9b48c841a0e39e21f98e1a6b2ec3e,sao paulo,SP,107,1.96,2.29
dbc22125167c298ef99da25668e1011f,borda da mata,MG,384,1.07,1.46
dbd66278cbfe1aa1000f90a217ca4695,sao paulo,SP,84,1.01,1.45
dbdd0ec73a4817971d962698f2fea022,fortaleza,CE,16,1.03,1.54
dc317f341ab0e22f39acbd9dbf9b4a1f,cachoeirinha,RS,55,2.11,3.02
dc4a0fc896dc34b0d5bfec8438291c80,ibitinga,SP,218,3.49,4.04
dc8798cbf453b7e0f98745e396cc5616,sao paulo,SP,35,5.16,7.95
dd2bdf855a9172734fbc3744021ae9b9,belo horizonte,MG,105,3.5,5.87
dd533b429f380718b70ad9922c294bae,barretos,SP,37,4.26,4.67
dd55f1bb788714a40e7954c3be6df745,sao paulo,SP,35,3.19,3.9
dd7ddc04e1b6c2c614352b383efe2d36,sao paulo,SP,118,6.45,7.07
de0c78824586e9a5f5f04fd84e25df39,vargem grande paulista,SP,12,0.91,1.27
de23c3b98a88888289c6f5cc1209054a,sao paulo,SP,158,2.04,2.47
de722cd6dad950a92b7d4f82673f8833,recife,PE,337,1.82,2.05
dee656f0f566ed1aa85bd137c943f08f,cruzeiro,SP,90,1.25,1.77
df0f42bc4c2142eacf0eaf2cffd0cfbb,itajai,SC,13,4.82,4.71
df560393f3a51e74553ab94004ba5c87,loanda,PR,26,5.91,6.74
df56d7b40d437f88407c5f78b63bc328,cascavel,PR,22,2.01,2.21
df91910b6a03bb2e3358fa6a35e32f6f,sao paulo,SP,13,2.67,2.61
dfa0c4c6229ab200a4a1336b4d7128ff,florianopolis,SC,73,0.94,1.04
dfc475d54e1b6dbeeb7d7d9bdaa63827,curitiba,PR,17,5.68,6.05
dfc5fb7259bb2b599ca565e6e9448f0f,sao bernardo do campo,SP,32,4.07,4.1
e067ad2c1c0b48758eb1b5228bcf7a68,santos,SP,54,6.04,6.06
e06f09ec0a4aca210779cf1cfc63cf19,sao paulo,SP,29,4.89,6.4
e0878efa0e0b7e5313ac0b43bc04c081,curitiba,PR,26,2.79,2.94
e0a366315b1b726b6c7832d664c0f530,sao paulo,SP,42,1.05,1.67
e1dc0754bada9ee4cfe9713f22f61292,duque de caxias,RJ,12,0.95,1.2
e21a1e8be4715b0fcfd5385643bc49c4,jaguaruna,SC,19,6.03,6.46
e24d3429d294b2eb200b064ebb035879,sao paulo,SP,18,0.76,0.91
e24fc9fcd865784fb25705606fe3dfe7,braganca paulista,SP,51,1.29,1.97
e256a62e0ac58c0edfba09966142d561,curitiba,PR,12,2.09,2.05
e26901d5ab434ce92fd9b5c256820a4e,maua,SP,197,2.51,2.8
e2aee0892199b1d92530e371abd825bf,rolandia,PR,34,1.81,3.41
e2c92f9c1c7746d899d18f2e158bbff7,sao jose do rio preto,SP,12,0.84,0.99
e333046ce6517bd8bb510291d44f0130,ipaussu,SP,67,1.87,2.2
e38db885400cd35c71dfd162f2c1dbcf,brasilia,DF,30,2.42,2.96
e3a386fc36e22064434e1fa256f6a9fa,engenheiro coelho,SP,16,1.74,2.1
e48b04bf1aa1ef711caebeb7aede6180,curitiba,PR,25,1.45,2.05
e48cc16ab70bfa09e1401740dce0b3d7,aracatuba,SP,13,3.32,4.24
e49c26c3edfa46d227d5121a6b6e4d37,brejao,PE,34,1.25,1.74
e5475dcab1e07b63d7f6e902d8f5eda8,diadema,SP,19,1.03,1.16
e59aa562b9f8076dd550fcddf0e73491,curitiba,PR,69,2.13,2.84
e5a3438891c0bfdb9394643f95273d8e,limeira,SP,214,3.8,3.93
e5a38146df062edaf55c38afa99e42dc,sao paulo,SP,119,2.53,2.93
e5e33c0d8e7e002f398f5dc4cbbb338f,bauru,SP,26,1.69,1.97
e601b04acf48b4576e73ddca9481f0dc,sao paulo,SP,14,1.04,1.85
e627629ba868740e287800f1a9be81c2,sao paulo,SP,10,1.42,2.11
e62b2d6ac10570a035a30bafcf01d263,sao paulo,SP,62,5.08,5.28
e63e8bfa530fb16910dd6956e592bb81,guarulhos,SP,40,2.13,2.26
e64d65bc8dbec2accda90c58de5d1246,rio claro,SP,12,5.23,4.38
e6a69c4a27dfdd98ffe5aa757ad744bc,sao paulo,SP,20,3.65,4.91
e7d5b006eb624f13074497221eb37807,santo andre,SP,28,2.01,3.0
e7df4cd29ab5abab70fb0783ddb53987,sao paulo,SP,22,1.9,4.12
e7f3bf1ecd8526eb7f3b18059e6716e5,ubatuba,SP,16,1.1,1.48
e81e1f9c3e762e620f3fb60a51499e16,curitibanos,SC,17,4.15,6.63
e84ad2127668df3aafc6b73531a0beb8,sao paulo,SP,19,1.24,1.84
e882b2a25a10b9c057cc49695f222c19,teresopolis,RJ,57,3.1,3.62
e883aa812c37a7413226856f4579fe91,itapevi,SP,26,3.34,3.33
e89c4adbe7b1d0819dbb636e16461cf1,indaiatuba,SP,24,3.08,3.48
e8b3a3a38279a82f0e5d006d5e5b7d2c,jussara,PR,80,5.26,6.09
e8b4225284fbb02d16f200513f1f395d,novo horizonte,SP,30,1.07,1.49
e8f6dc8e6a1dcde89d20e3995c8d90b3,sao paulo,SP,34,3.56,5.63
e9511df20ccd82658a30c37b7fb343af,bauru,SP,22,1.91,1.89
e96498ed8daaa3e9c23f7a62da76591c,sao paulo,SP,34,1.73,2.36
e9779976487b77c6d4ac45f75ec7afe9,praia grande,SP,640,2.05,2.62
e99e927c81e3f51739c94fcdfca9f10f,uberlandia,MG,19,1.53,2.96
e9bc59e7b60fc3063eb2290deda4cced,maringa,PR,203,4.59,5.53
e9c6969d40e6a3d2d0f90013165c2b98,sao paulo,SP,10,1.26,2.04
e9d99831abad74458942f21e16f33f92,sao paulo,SP,129,2.34,3.94
ea00f977a203ff88adf7057cb7806998,santos,SP,18,1.86,2.28
ea566164622c6b439516ab18062c42cd,sao  paulo,SP,50,2.55,3.92
ea67327e24487bdfac5fbfa37ea124df,ibitinga,SP,29,1.22,1.86
ea8482cd71df3c1969d7b9473ff13abc,sao paulo,SP,1117,3.24,3.41
eb4df17aed01d918c65f0f8d650900c0,paulinia,SP,11,1.99,6.02
eb5b6204dde3a6e03b5f1bb8479f055b,embu guacu,SP,19,2.33,2.61
ebd2d60905fb58271facef5596b620d3,lencois paulista,SP,81,1.06,1.66
ec4608a1f76453166bb312b2968aeaf4,porto ferreira,SP,17,6.9,9.62
ec80e49e69745ab6c14f984bf2149423,limeira,SP,12,1.88,2.15
ec8879960bd2221d5c32f8e12f7da711,itatiba,SP,35,2.18,2.41
ecccfa2bb93b34a3bf033cc5d1dcdc69,curitiba,PR,12,24.36,22.68
ececbfcff9804a2d6b40f589df8eef2b,franca,SP,95,1.38,1.76
ed4311e67debd72b8610a5347a743087,guarulhos,SP,25,1.05,1.86
ed4acab38528488b65a9a9c603ff024a,sao paulo,SP,32,3.07,3.38
ed8cb7b190ceb6067227478e48cf8dde,santos,SP,14,2.21,2.03
edb1ef5e36e0c8cd84eb3c9b003e486d,teresopolis,RJ,165,1.22,1.7
ede0c03645598cdfc63ca8237acbe73d,ribeirao preto,SP,43,3.25,3.72
edf96ef93ed595084bbcbd9224bd2894,sao paulo,SP,25,2.74,3.04
eeb6de78f79159600292e314a77cbd18,lages,SC,82,1.11,1.52
eed78ac17f7f795a19a709745f00cd4e,botucatu,SP,21,2.05,3.43
ef0ace09169ac090589d85746e3e036f,sao goncalo,RJ,128,3.01,3.29
ef2fbc2b607d8492bcffe657a4645434,rio de janeiro,RJ,17,1.1,1.09
ef506c96320abeedfb894c34db06f478,sao paulo,SP,311,2.8,3.56
ef990a83bbea832f36ebe81376335aa8,joinville,SC,42,1.86,2.21
efcd8d2104f1a05d028af7bad20d974b,aracatuba,SP,43,1.71,1.87
f00e21b1e91a79653163b7fd8f293ff1,andradas,SP,31,1.08,1.69
f0837c8d71434931d9e38e7b79234797,arvorezinha,RS,22,1.91,1.98
f08a5b9dd6767129688d001acafc21e5,porto alegre,RS,11,6.99,7.71
f08c008c8a8d31417763738a1788a2a8,santa terezinha de itaipu,PR,18,2.66,2.68
f0b47fbbc6dee9aafe415a6e33051b3f,maua,SP,64,2.31,3.3
f0e103c63864d5405b958d984b6e94c9,osasco,SP,11,1.01,1.61
f125f3a310c2e5f822d116147de1e474,sao paulo,SP,16,1.1,1.53
f12ff17ad8bbf01ec5c33b17e506649b,sao paulo,SP,28,2.2,2.5
f181738b150df1f37cb0bd72e705b193,carapicuiba,SP,36,1.4,1.59
f1ed6bd0a9b11b581f16c851c6a5a527,porto alegre,RS,17,11.04,11.16
f1fd5ab1181f827ffad998c1a5de7d74,curitiba,PR,15,2.22,2.02
f214d28e8d8e3ef068748498ccc2f813,sao paulo,SP,51,2.0,3.03
f262cbc1c910c83959f849465454ddd3,sao paulo,SP,187,1.24,1.69
f27e33c6d29b5138fa9967bcd445b6d5,sao paulo,SP,93,3.89,4.52
f3b80352b986ab4d1057a4b724be19d0,brasilia,DF,86,2.33,2.61
f3c38ab652836d21de61fb8314b69182,sao paulo,SP,15,1.77,2.39
f3da5b2ff499efb8d4a6d371d175d7dd,sao paulo,SP,76,2.13,2.43
f41ce2e25237f9092cd8e6e7516c7a2f,guarulhos,SP,26,2.76,3.28
f435898e493ba0356019a0b1cb8b55b1,curitiba,PR,10,0.99,1.2
f45122a9ab94eb4f3f8953578bc0c560,piracicaba,SP,180,1.23,1.63
f457c46070d02cadd8a68551231220dd,maringa,PR,178,2.19,2.49
f46490624488d3ff7ce78613913a7711,guarulhos,SP,80,2.54,3.57
f4a04f7be452aa3bb31760bf00055dd0,santo andre,SP,18,2.23,3.45
f4aba7c0bca51484c30ab7bdc34bcdd1,sao paulo,SP,108,3.99,4.47
f4c4daa86e30c7e5a553a8d518ac03a5,cascavel,PR,18,2.37,8.67
f4db9b37944bcb8873e6b456ee190bbf,itaquaquecetuba,SP,21,1.91,2.38
f52c2422904463fdd7741f99045fecb6,santo andre/sao paulo,SP,12,1.09,1.47
f593898ec748b7a8cb81fc04edafd98a,pedreira,SP,19,3.88,4.8
f5a590cf36251cf1162ea35bef76fe84,sao bernardo do campo,SP,112,2.0,3.17
f5b44895715ddfe3087dc414f30268f3,sorocaba,SP,19,3.03,2.98
f5f1f2c5f923f36ad79ea1d07185ddc9,taruma,SP,10,3.96,4.38
f5f2ab9bdb6b30c14c61be68c5ed37da,porto ferreira,SP,18,1.09,2.5
f615fe7efbef0f4f08fd3086bc7a3e60,atibaia,SP,21,0.97,1.2
f61c63d13f7cd800549d5acdd390ae72,pilar do sul,SP,26,2.96,3.58
f62d7bb4a613ec758a03342d46b580b2,vicosa,MG,32,5.23,5.24
f63d8f293af3a6454377546bd9dd19ff,votorantim,SP,17,2.11,4.11
f67efa3f0b6761102a7f8c6b7b571f5d,curitiba,PR,30,1.06,2.52
f680f85bee2d253556ac91be391d2c82,carapicuiba,SP,44,1.34,1.81
f7496d659ca9fdaf323c0aae84176632,sao paulo,SP,24,6.44,7.52
f76a3b1349b6df1ee875d1f3fa4340f0,sao paulo,SP,23,7.36,8.93
f7720c4fa8e3aba4546301ab80ea1f1b,curitiba,PR,59,2.04,2.41
f789d2c4f2c2eb38fc4373e7a4b35264,juiz de fora,MG,41,1.73,1.8
f7ba60f8c3f99e7ee4042fdef03b70c4,sao bernardo do campo,SP,216,2.41,2.63
f7ccf836d21b2fb1de37564105216cc1,ibitinga,SP,68,1.35,1.84
f80edd2c5aaa505cc4b0a3b219abf4b8,sao paulo,SP,113,2.69,3.46
f8201cab383e484733266d1906e2fdfa,palhoca,SC,10,1.95,2.63
f84a00e60c73a49e7e851c9bdca3a5bb,rio de janeiro,RJ,87,1.99,2.35
f84fa566034f5e8e880a07ec624c56af,indaiatuba,SP,89,3.6,3.88
f8db351d8c4c4c22c6835c19a46f01b0,salto,SP,652,1.28,1.75
f918546be4bec7104d117789ba758b2b,sao paulo,SP,20,2.01,2.16
f9244d45189d3a3605499abddeade7d5,sao paulo,SP,20,4.45,6.19
f97e2b0650c2068227e1d366140eb62f,santo antonio de posse,SP,16,5.37,6.68
fa1a9dec3a9940c072684a46728bf1fc,icara,SC,53,4.87,5.11
fa1c13f2614d7b5c4749cbc52fecda94,sumare,SP,571,2.28,2.72
fa40cc5b934574b62717c68f3d678b6d,sao paulo,SP,302,2.67,2.9
fad44952713764836814be105382aee5,rio de janeiro,RJ,31,1.82,2.56
fb3cfbc8a86f5d7fbb4d36b8df63f60d,rio de janeiro,RJ,10,1.01,1.73
fb89df7f89fd1b8f03fa2acca1ba7364,foz do iguacu,PR,22,4.92,4.64
fbc14c0cf93505ef89f64665ffa4a7b5,serrana,SP,18,2.85,3.0
fc906263ca5083d09dce42fe02247800,belo horizonte,MG,112,1.92,2.23
fcb5ace8bcc92f75707dc0f01a27d269,guarulhos,SP,58,3.63,4.24
fcdd820084f17e9982427971e4e9d47f,ribeirao preto,SP,16,2.67,2.58
fd386aa7bed2af3c7035c65506c9b4a3,sao paulo,SP,66,1.02,1.37
fdb9095204a334cd8872252ffec6f2db,sao paulo,SP,46,1.24,1.51
fde0cc9ea29c8ccfc0a2c22256a58c71,curitiba,PR,35,1.42,1.98
fe2032dab1a61af8794248c8196565c9,campinas,SP,292,1.16,1.91
fe49ee029e61e789a1f3a5525f57ba8d,osasco,SP,16,2.5,3.0
fe701d88b67eaca109dffd464d1be9f9,marica,RJ,10,1.26,1.39
febab0275244b9a49a623f0bd613ca2f,pedreira,SP,102,1.34,1.84
ff063b022a9a0aab91bad2c9088760b7,santo andre,SP,89,1.45,2.03
ff1fb4c404b2efe68b03350a8dc24122,mogi das cruzes,SP,43,1.3,2.98
ff4e2d38692ce827b1a4f4b8196e680d,sao paulo,SP,11,2.95,3.23
ff69aa92bb6b1bf9b8b7a51c2ed9cf8b,sao paulo,SP,20,1.2,1.73
ffa6adafb71b807dc13159e26431354c,londrina,PR,17,1.44,1.82
ffad1e7127fb622cb64a900751590acd,americana,SP,10,2.92,2.81
ffc470761de7d0232558ba5e786e57b7,guarulhos,SP,27,1.42,1.63
ffdd9f82b9a447f6f8d4b91554cc7dd3,curitiba,PR,18,4.13,4.29
ffeee66ac5d5a62fe688b9d26f83f534,mirassol,SP,14,4.48,6.86
fffd5413c0700ac820c7069d66d98c89,amparo,SP,54,1.67,2.31
